Ref,Var,Strelka.SBS.GRCh37.s2,Strelka.SBS.GRCh37
AC,CA,0,0
AC,CG,0,0
AC,CT,0,0
AC,GA,0,0
AC,GG,0,0
AC,GT,0,0
AC,TA,0,1
AC,TG,0,0
AC,TT,0,0
AT,CA,0,0
AT,CC,0,0
AT,CG,0,0
AT,GA,0,0
AT,GC,0,0
AT,TA,0,0
CC,AA,1,1
CC,AG,0,0
CC,AT,0,0
CC,GA,0,0
CC,GG,0,0
CC,GT,0,0
CC,TA,0,0
CC,TG,0,0
CC,TT,0,0
CG,AT,0,0
CG,GC,0,0
CG,GT,0,0
CG,TA,0,0
CG,TC,0,0
CG,TT,0,0
CT,AA,1,4
CT,AC,0,0
CT,AG,0,0
CT,GA,0,0
CT,GC,0,0
CT,GG,0,0
CT,TA,0,0
CT,TC,0,0
CT,TG,0,0
GC,AA,1,2
GC,AG,0,0
GC,AT,0,0
GC,CA,0,0
GC,CG,0,0
GC,TA,0,0
TA,AT,0,0
TA,CG,0,0
TA,CT,0,0
TA,GC,0,0
TA,GG,0,0
TA,GT,0,0
TC,AA,0,1
TC,AG,0,1
TC,AT,1,1
TC,CA,0,0
TC,CG,0,0
TC,CT,0,0
TC,GA,0,0
TC,GG,0,0
TC,GT,0,0
TG,AA,0,0
TG,AC,0,0
TG,AT,1,1
TG,CA,1,1
TG,CC,0,1
TG,CT,0,0
TG,GA,0,0
TG,GC,0,0
TG,GT,0,0
TT,AA,0,0
TT,AC,0,0
TT,AG,0,0
TT,CA,0,0
TT,CC,0,0
TT,CG,0,0
TT,GA,0,0
TT,GC,0,0
TT,GG,0,0
