Ref,Var,Strelka.SBS.GRCh37.s2,Strelka.SBS.GRCh37
AA,CC,0,0
AA,CG,0,0
AA,CT,0,0
AA,GC,0,0
AA,GG,0,0
AA,GT,0,0
AA,TC,0,0
AA,TG,0,0
AA,TT,0,0
AC,CA,0,0
AC,CG,0,0
AC,CT,0,0
AC,GA,0,0
AC,GG,0,0
AC,GT,0,0
AC,TA,0,0
AC,TG,0,0
AC,TT,0,0
AG,CA,0,0
AG,CC,0,0
AG,CT,0,0
AG,GA,0,0
AG,GC,0,0
AG,GT,0,0
AG,TA,0,0
AG,TC,0,0
AG,TT,0,0
AT,CA,0,0
AT,CC,0,0
AT,CG,0,0
AT,GA,0,0
AT,GC,0,0
AT,GG,0,0
AT,TA,0,0
AT,TC,0,0
AT,TG,0,0
CA,AC,0,0
CA,AG,0,0
CA,AT,1,1
CA,GC,0,0
CA,GG,0,0
CA,GT,0,0
CA,TC,0,0
CA,TG,0,0
CA,TT,0,0
CC,AA,0,0
CC,AG,0,0
CC,AT,0,0
CC,GA,0,0
CC,GG,0,0
CC,GT,0,0
CC,TA,0,0
CC,TG,0,0
CC,TT,0,0
CG,AA,0,0
CG,AC,0,0
CG,AT,0,0
CG,GA,0,0
CG,GC,0,0
CG,GT,0,0
CG,TA,0,0
CG,TC,0,0
CG,TT,0,0
CT,AA,0,0
CT,AC,0,0
CT,AG,0,0
CT,GA,0,0
CT,GC,0,0
CT,GG,0,0
CT,TA,0,0
CT,TC,0,0
CT,TG,0,0
GA,AC,0,0
GA,AG,0,0
GA,AT,0,0
GA,CC,0,0
GA,CG,0,0
GA,CT,0,0
GA,TC,0,0
GA,TG,0,0
GA,TT,0,0
GC,AA,0,0
GC,AG,0,0
GC,AT,0,0
GC,CA,0,0
GC,CG,0,0
GC,CT,0,0
GC,TA,0,0
GC,TG,0,0
GC,TT,0,1
GG,AA,0,0
GG,AC,0,0
GG,AT,0,0
GG,CA,0,0
GG,CC,0,0
GG,CT,0,0
GG,TA,0,0
GG,TC,0,0
GG,TT,0,0
GT,AA,0,0
GT,AC,0,0
GT,AG,0,0
GT,CA,0,0
GT,CC,0,0
GT,CG,0,0
GT,TA,0,0
GT,TC,0,0
GT,TG,0,0
TA,AC,0,0
TA,AG,0,0
TA,AT,0,0
TA,CC,0,0
TA,CG,0,0
TA,CT,0,0
TA,GC,0,0
TA,GG,0,0
TA,GT,0,0
TC,AA,0,0
TC,AG,0,0
TC,AT,0,0
TC,CA,0,0
TC,CG,0,0
TC,CT,0,0
TC,GA,0,0
TC,GG,0,0
TC,GT,0,0
TG,AA,0,0
TG,AC,0,0
TG,AT,0,0
TG,CA,0,0
TG,CC,0,0
TG,CT,0,0
TG,GA,0,0
TG,GC,0,0
TG,GT,0,0
TT,AA,0,0
TT,AC,0,0
TT,AG,0,0
TT,CA,0,0
TT,CC,0,0
TT,CG,0,0
TT,GA,0,0
TT,GC,0,0
TT,GG,0,0
