Mutation type,Trinucleotide,Strelka.SBS.GRCh37.s2,Strelka.SBS.GRCh37
C>A,ACA,3,9
C>A,ACC,9,23
C>A,ACG,0,0
C>A,ACT,1,10
C>A,CCA,4,16
C>A,CCC,4,6
C>A,CCG,1,1
C>A,CCT,5,14
C>A,GCA,10,28
C>A,GCC,20,47
C>A,GCG,0,0
C>A,GCT,4,8
C>A,TCA,2,11
C>A,TCC,2,5
C>A,TCG,2,2
C>A,TCT,2,17
C>G,ACA,0,4
C>G,ACC,0,1
C>G,ACG,0,0
C>G,ACT,1,4
C>G,CCA,2,3
C>G,CCC,1,2
C>G,CCG,1,2
C>G,CCT,2,3
C>G,GCA,0,2
C>G,GCC,15,29
C>G,GCG,1,1
C>G,GCT,5,10
C>G,TCA,5,9
C>G,TCC,1,1
C>G,TCG,0,2
C>G,TCT,3,16
C>T,ACA,2,2
C>T,ACC,1,2
C>T,ACG,0,1
C>T,ACT,0,5
C>T,CCA,7,15
C>T,CCC,18,52
C>T,CCG,3,9
C>T,CCT,23,49
C>T,GCA,9,15
C>T,GCC,10,20
C>T,GCG,0,1
C>T,GCT,5,11
C>T,TCA,6,9
C>T,TCC,6,11
C>T,TCG,0,0
C>T,TCT,2,10
T>A,ATA,0,3
T>A,ATC,1,5
T>A,ATG,3,5
T>A,ATT,3,9
T>A,CTA,8,27
T>A,CTC,3,18
T>A,CTG,5,20
T>A,CTT,10,25
T>A,GTA,0,2
T>A,GTC,0,4
T>A,GTG,2,2
T>A,GTT,0,0
T>A,TTA,3,7
T>A,TTC,0,0
T>A,TTG,1,4
T>A,TTT,0,1
T>C,ATA,5,8
T>C,ATC,2,4
T>C,ATG,1,4
T>C,ATT,2,6
T>C,CTA,0,2
T>C,CTC,3,6
T>C,CTG,2,12
T>C,CTT,7,20
T>C,GTA,1,3
T>C,GTC,4,10
T>C,GTG,2,4
T>C,GTT,0,6
T>C,TTA,3,4
T>C,TTC,3,6
T>C,TTG,0,0
T>C,TTT,1,2
T>G,ATA,1,4
T>G,ATC,1,1
T>G,ATG,1,4
T>G,ATT,2,4
T>G,CTA,0,3
T>G,CTC,1,1
T>G,CTG,1,5
T>G,CTT,1,5
T>G,GTA,0,0
T>G,GTC,0,3
T>G,GTG,1,4
T>G,GTT,0,1
T>G,TTA,1,3
T>G,TTC,2,2
T>G,TTG,0,0
T>G,TTT,1,3
