Strand,Mutation type,Trinucleotide,Lung-AdenoCA::SP53460,Lung-AdenoCA::SP50827
T,T>G,TTT,36,25
T,T>G,GTT,16,10
T,T>G,CTT,37,28
T,T>G,ATT,17,16
T,T>G,TTG,55,31
T,T>G,GTG,33,19
T,T>G,CTG,27,37
T,T>G,ATG,23,19
T,T>G,TTC,23,5
T,T>G,GTC,3,4
T,T>G,CTC,11,12
T,T>G,ATC,14,8
T,T>G,TTA,15,11
T,T>G,GTA,15,12
T,T>G,CTA,23,9
T,T>G,ATA,20,26
T,T>C,TTT,58,51
T,T>C,GTT,58,42
T,T>C,CTT,51,48
T,T>C,ATT,104,65
T,T>C,TTG,41,21
T,T>C,GTG,37,30
T,T>C,CTG,63,53
T,T>C,ATG,117,101
T,T>C,TTC,35,24
T,T>C,GTC,34,13
T,T>C,CTC,48,30
T,T>C,ATC,32,26
T,T>C,TTA,67,76
T,T>C,GTA,86,53
T,T>C,CTA,87,60
T,T>C,ATA,194,151
T,T>A,TTT,102,58
T,T>A,GTT,69,33
T,T>A,CTT,130,82
T,T>A,ATT,81,47
T,T>A,TTG,78,64
T,T>A,GTG,115,76
T,T>A,CTG,266,200
T,T>A,ATG,125,95
T,T>A,TTC,59,49
T,T>A,GTC,43,45
T,T>A,CTC,115,78
T,T>A,ATC,54,45
T,T>A,TTA,160,76
T,T>A,GTA,113,65
T,T>A,CTA,144,86
T,T>A,ATA,153,81
U,C>A,ACA,330,261
U,C>A,ACC,209,157
U,C>A,ACG,75,69
U,C>A,ACT,261,181
U,C>A,CCA,471,279
U,C>A,CCC,393,251
U,C>A,CCG,111,95
U,C>A,CCT,417,294
U,C>A,GCA,245,194
U,C>A,GCC,185,156
U,C>A,GCG,75,65
U,C>A,GCT,176,162
U,C>A,TCA,329,200
U,C>A,TCC,315,224
U,C>A,TCG,45,41
U,C>A,TCT,381,236
U,C>G,ACA,85,60
U,C>G,ACC,46,37
U,C>G,ACG,10,13
U,C>G,ACT,71,60
U,C>G,CCA,71,45
U,C>G,CCC,41,45
U,C>G,CCG,28,23
U,C>G,CCT,59,62
U,C>G,GCA,58,39
U,C>G,GCC,52,36
U,C>G,GCG,20,13
U,C>G,GCT,41,32
U,C>G,TCA,109,89
U,C>G,TCC,87,72
U,C>G,TCG,14,18
U,C>G,TCT,197,139
U,C>T,ACA,153,92
U,C>T,ACC,57,54
U,C>T,ACG,64,61
U,C>T,ACT,101,79
U,C>T,CCA,198,163
U,C>T,CCC,168,113
U,C>T,CCG,54,63
U,C>T,CCT,215,148
U,C>T,GCA,75,67
U,C>T,GCC,68,73
U,C>T,GCG,46,51
U,C>T,GCT,92,56
U,C>T,TCA,267,267
U,C>T,TCC,185,150
U,C>T,TCG,43,58
U,C>T,TCT,209,172
T,C>T,TCT,222,164
T,C>T,GCT,84,56
T,C>T,CCT,215,120
T,C>T,ACT,102,68
T,C>T,TCG,35,43
T,C>T,GCG,52,48
T,C>T,CCG,60,61
T,C>T,ACG,54,83
T,C>T,TCC,142,121
T,C>T,GCC,75,60
T,C>T,CCC,134,92
T,C>T,ACC,72,56
T,C>T,TCA,227,194
T,C>T,GCA,97,74
T,C>T,CCA,162,137
T,C>T,ACA,149,129
T,C>G,TCT,196,134
T,C>G,GCT,55,34
T,C>G,CCT,85,46
T,C>G,ACT,70,58
T,C>G,TCG,25,19
T,C>G,GCG,33,29
T,C>G,CCG,22,23
T,C>G,ACG,26,17
T,C>G,TCC,102,83
T,C>G,GCC,72,45
T,C>G,CCC,72,54
T,C>G,ACC,51,38
T,C>G,TCA,153,120
T,C>G,GCA,70,42
T,C>G,CCA,79,59
T,C>G,ACA,130,87
T,C>A,TCT,459,340
T,C>A,GCT,239,186
T,C>A,CCT,534,430
T,C>A,ACT,377,239
T,C>A,TCG,70,52
T,C>A,GCG,115,88
T,C>A,CCG,163,150
T,C>A,ACG,132,120
T,C>A,TCC,450,329
T,C>A,GCC,360,248
T,C>A,CCC,557,481
T,C>A,ACC,314,263
T,C>A,TCA,470,362
T,C>A,GCA,344,309
T,C>A,CCA,709,505
T,C>A,ACA,584,393
U,T>A,ATA,90,77
U,T>A,ATC,37,24
U,T>A,ATG,92,69
U,T>A,ATT,85,40
U,T>A,CTA,107,63
U,T>A,CTC,77,39
U,T>A,CTG,193,114
U,T>A,CTT,131,62
U,T>A,GTA,67,46
U,T>A,GTC,33,29
U,T>A,GTG,84,68
U,T>A,GTT,47,30
U,T>A,TTA,114,60
U,T>A,TTC,47,37
U,T>A,TTG,78,61
U,T>A,TTT,98,48
U,T>C,ATA,122,93
U,T>C,ATC,28,10
U,T>C,ATG,71,62
U,T>C,ATT,76,76
U,T>C,CTA,66,49
U,T>C,CTC,38,27
U,T>C,CTG,49,42
U,T>C,CTT,57,53
U,T>C,GTA,55,43
U,T>C,GTC,27,14
U,T>C,GTG,31,35
U,T>C,GTT,47,40
U,T>C,TTA,76,41
U,T>C,TTC,36,24
U,T>C,TTG,29,32
U,T>C,TTT,53,51
U,T>G,ATA,22,20
U,T>G,ATC,11,5
U,T>G,ATG,21,14
U,T>G,ATT,11,19
U,T>G,CTA,16,10
U,T>G,CTC,13,10
U,T>G,CTG,26,19
U,T>G,CTT,30,37
U,T>G,GTA,8,7
U,T>G,GTC,7,4
U,T>G,GTG,21,17
U,T>G,GTT,16,12
U,T>G,TTA,24,19
U,T>G,TTC,13,8
U,T>G,TTG,35,16
U,T>G,TTT,46,48
