Mutation type,Pentanucleotide,Lung-AdenoCA::SP53460,Lung-AdenoCA::SP50827
C>A,AACAA,233,158
C>A,AACAC,92,82
C>A,AACAG,152,110
C>A,AACAT,191,139
C>A,AACCA,113,132
C>A,AACCC,71,53
C>A,AACCG,16,14
C>A,AACCT,113,88
C>A,AACGA,16,17
C>A,AACGC,22,13
C>A,AACGG,21,23
C>A,AACGT,36,33
C>A,AACTA,156,85
C>A,AACTC,66,45
C>A,AACTG,120,84
C>A,AACTT,134,76
C>A,ACCAA,200,148
C>A,ACCAC,150,96
C>A,ACCAG,170,94
C>A,ACCAT,220,163
C>A,ACCCA,268,224
C>A,ACCCC,116,95
C>A,ACCCG,33,26
C>A,ACCCT,177,127
C>A,ACCGA,21,28
C>A,ACCGC,37,27
C>A,ACCGG,27,17
C>A,ACCGT,48,44
C>A,ACCTA,140,108
C>A,ACCTC,129,99
C>A,ACCTG,189,129
C>A,ACCTT,153,95
C>A,AGCAA,187,145
C>A,AGCAC,104,75
C>A,AGCAG,136,134
C>A,AGCAT,149,118
C>A,AGCCA,195,164
C>A,AGCCC,72,55
C>A,AGCCG,28,23
C>A,AGCCT,156,144
C>A,AGCGA,45,26
C>A,AGCGC,28,21
C>A,AGCGG,39,30
C>A,AGCGT,25,37
C>A,AGCTA,129,83
C>A,AGCTC,58,46
C>A,AGCTG,123,104
C>A,AGCTT,84,71
C>A,ATCAA,162,151
C>A,ATCAC,113,92
C>A,ATCAG,156,95
C>A,ATCAT,199,141
C>A,ATCCA,209,139
C>A,ATCCC,116,77
C>A,ATCCG,22,13
C>A,ATCCT,178,121
C>A,ATCGA,27,20
C>A,ATCGC,25,22
C>A,ATCGG,10,18
C>A,ATCGT,32,26
C>A,ATCTA,186,118
C>A,ATCTC,118,99
C>A,ATCTG,151,127
C>A,ATCTT,178,111
C>A,CACAA,197,126
C>A,CACAC,188,123
C>A,CACAG,183,153
C>A,CACAT,204,130
C>A,CACCA,204,159
C>A,CACCC,94,71
C>A,CACCG,23,33
C>A,CACCT,140,119
C>A,CACGA,35,28
C>A,CACGC,53,59
C>A,CACGG,50,49
C>A,CACGT,55,59
C>A,CACTA,148,99
C>A,CACTC,89,69
C>A,CACTG,191,143
C>A,CACTT,162,103
C>A,CCCAA,260,198
C>A,CCCAC,225,147
C>A,CCCAG,301,234
C>A,CCCAT,261,172
C>A,CCCCA,340,254
C>A,CCCCC,115,102
C>A,CCCCG,53,58
C>A,CCCCT,183,150
C>A,CCCGA,47,25
C>A,CCCGC,65,49
C>A,CCCGG,91,70
C>A,CCCGT,60,59
C>A,CCCTA,157,114
C>A,CCCTC,135,103
C>A,CCCTG,226,168
C>A,CCCTT,169,136
C>A,CGCAA,13,6
C>A,CGCAC,11,10
C>A,CGCAG,6,6
C>A,CGCAT,10,9
C>A,CGCCA,26,22
C>A,CGCCC,22,9
C>A,CGCCG,3,2
C>A,CGCCT,29,18
C>A,CGCGA,2,2
C>A,CGCGC,7,8
C>A,CGCGG,10,9
C>A,CGCGT,7,2
C>A,CGCTA,9,3
C>A,CGCTC,8,5
C>A,CGCTG,9,7
C>A,CGCTT,7,7
C>A,CTCAA,116,100
C>A,CTCAC,99,95
C>A,CTCAG,162,100
C>A,CTCAT,148,123
C>A,CTCCA,245,160
C>A,CTCCC,142,112
C>A,CTCCG,33,21
C>A,CTCCT,214,163
C>A,CTCGA,19,14
C>A,CTCGC,30,15
C>A,CTCGG,33,27
C>A,CTCGT,30,20
C>A,CTCTA,166,99
C>A,CTCTC,114,100
C>A,CTCTG,164,135
C>A,CTCTT,176,118
C>A,GACAA,110,73
C>A,GACAC,51,47
C>A,GACAG,99,67
C>A,GACAT,87,59
C>A,GACCA,79,61
C>A,GACCC,47,42
C>A,GACCG,6,10
C>A,GACCT,70,50
C>A,GACGA,16,10
C>A,GACGC,14,6
C>A,GACGG,23,19
C>A,GACGT,28,16
C>A,GACTA,63,43
C>A,GACTC,48,26
C>A,GACTG,65,53
C>A,GACTT,64,40
C>A,GCCAA,155,109
C>A,GCCAC,137,81
C>A,GCCAG,165,100
C>A,GCCAT,174,109
C>A,GCCCA,247,158
C>A,GCCCC,106,84
C>A,GCCCG,46,32
C>A,GCCCT,153,107
C>A,GCCGA,37,30
C>A,GCCGC,29,26
C>A,GCCGG,64,34
C>A,GCCGT,30,20
C>A,GCCTA,119,90
C>A,GCCTC,144,97
C>A,GCCTG,246,171
C>A,GCCTT,130,86
C>A,GGCAA,124,91
C>A,GGCAC,69,70
C>A,GGCAG,122,103
C>A,GGCAT,104,82
C>A,GGCCA,118,76
C>A,GGCCC,53,48
C>A,GGCCG,31,21
C>A,GGCCT,119,80
C>A,GGCGA,37,20
C>A,GGCGC,29,35
C>A,GGCGG,53,51
C>A,GGCGT,51,39
C>A,GGCTA,88,55
C>A,GGCTC,47,46
C>A,GGCTG,91,92
C>A,GGCTT,84,59
C>A,GTCAA,128,71
C>A,GTCAC,75,49
C>A,GTCAG,111,79
C>A,GTCAT,108,77
C>A,GTCCA,101,88
C>A,GTCCC,89,71
C>A,GTCCG,16,13
C>A,GTCCT,130,86
C>A,GTCGA,8,7
C>A,GTCGC,16,6
C>A,GTCGG,15,9
C>A,GTCGT,12,10
C>A,GTCTA,109,51
C>A,GTCTC,100,83
C>A,GTCTG,103,102
C>A,GTCTT,135,95
C>A,TACAA,181,138
C>A,TACAC,92,61
C>A,TACAG,159,115
C>A,TACAT,193,128
C>A,TACCA,130,90
C>A,TACCC,54,47
C>A,TACCG,18,11
C>A,TACCT,107,72
C>A,TACGA,13,15
C>A,TACGC,12,19
C>A,TACGG,20,23
C>A,TACGT,40,35
C>A,TACTA,140,88
C>A,TACTC,60,40
C>A,TACTG,142,87
C>A,TACTT,159,82
C>A,TCCAA,147,97
C>A,TCCAC,103,79
C>A,TCCAG,161,87
C>A,TCCAT,186,142
C>A,TCCCA,221,181
C>A,TCCCC,103,84
C>A,TCCCG,26,24
C>A,TCCCT,170,141
C>A,TCCGA,10,6
C>A,TCCGC,12,25
C>A,TCCGG,21,19
C>A,TCCGT,31,29
C>A,TCCTA,98,74
C>A,TCCTC,86,66
C>A,TCCTG,149,124
C>A,TCCTT,149,125
C>A,TGCAA,137,105
C>A,TGCAC,88,59
C>A,TGCAG,132,122
C>A,TGCAT,151,124
C>A,TGCCA,145,119
C>A,TGCCC,90,58
C>A,TGCCG,15,13
C>A,TGCCT,166,144
C>A,TGCGA,19,17
C>A,TGCGC,33,30
C>A,TGCGG,29,22
C>A,TGCGT,30,27
C>A,TGCTA,90,76
C>A,TGCTC,54,38
C>A,TGCTG,108,75
C>A,TGCTT,95,82
C>A,TTCAA,123,97
C>A,TTCAC,79,70
C>A,TTCAG,97,58
C>A,TTCAT,134,119
C>A,TTCCA,155,125
C>A,TTCCC,89,72
C>A,TTCCG,20,6
C>A,TTCCT,152,103
C>A,TTCGA,7,12
C>A,TTCGC,10,7
C>A,TTCGG,12,10
C>A,TTCGT,13,13
C>A,TTCTA,123,80
C>A,TTCTC,90,63
C>A,TTCTG,134,91
C>A,TTCTT,164,129
C>G,AACAA,62,34
C>G,AACAC,16,11
C>G,AACAG,52,45
C>G,AACAT,31,25
C>G,AACCA,29,18
C>G,AACCC,14,10
C>G,AACCG,3,6
C>G,AACCT,18,17
C>G,AACGA,5,6
C>G,AACGC,5,1
C>G,AACGG,5,2
C>G,AACGT,9,10
C>G,AACTA,49,36
C>G,AACTC,22,19
C>G,AACTG,34,10
C>G,AACTT,23,29
C>G,ACCAA,31,23
C>G,ACCAC,23,15
C>G,ACCAG,21,24
C>G,ACCAT,33,32
C>G,ACCCA,39,24
C>G,ACCCC,14,14
C>G,ACCCG,6,4
C>G,ACCCT,35,23
C>G,ACCGA,5,3
C>G,ACCGC,5,9
C>G,ACCGG,1,3
C>G,ACCGT,10,8
C>G,ACCTA,28,17
C>G,ACCTC,17,10
C>G,ACCTG,30,21
C>G,ACCTT,21,16
C>G,AGCAA,63,29
C>G,AGCAC,29,17
C>G,AGCAG,47,24
C>G,AGCAT,30,23
C>G,AGCCA,46,36
C>G,AGCCC,20,15
C>G,AGCCG,6,2
C>G,AGCCT,35,19
C>G,AGCGA,5,4
C>G,AGCGC,11,5
C>G,AGCGG,10,9
C>G,AGCGT,10,9
C>G,AGCTA,46,22
C>G,AGCTC,18,10
C>G,AGCTG,31,24
C>G,AGCTT,26,18
C>G,ATCAA,82,75
C>G,ATCAC,37,20
C>G,ATCAG,44,28
C>G,ATCAT,48,36
C>G,ATCCA,56,47
C>G,ATCCC,32,25
C>G,ATCCG,11,4
C>G,ATCCT,43,38
C>G,ATCGA,10,5
C>G,ATCGC,9,9
C>G,ATCGG,4,3
C>G,ATCGT,8,8
C>G,ATCTA,73,54
C>G,ATCTC,45,38
C>G,ATCTG,64,40
C>G,ATCTT,78,66
C>G,CACAA,42,28
C>G,CACAC,25,18
C>G,CACAG,61,50
C>G,CACAT,24,19
C>G,CACCA,36,28
C>G,CACCC,13,15
C>G,CACCG,4,4
C>G,CACCT,30,10
C>G,CACGA,6,3
C>G,CACGC,9,14
C>G,CACGG,5,5
C>G,CACGT,9,9
C>G,CACTA,23,14
C>G,CACTC,15,19
C>G,CACTG,29,25
C>G,CACTT,33,18
C>G,CCCAA,41,24
C>G,CCCAC,11,11
C>G,CCCAG,38,31
C>G,CCCAT,28,18
C>G,CCCCA,38,28
C>G,CCCCC,13,15
C>G,CCCCG,3,3
C>G,CCCCT,23,19
C>G,CCCGA,11,4
C>G,CCCGC,10,9
C>G,CCCGG,17,14
C>G,CCCGT,9,7
C>G,CCCTA,18,21
C>G,CCCTC,12,15
C>G,CCCTG,26,21
C>G,CCCTT,26,21
C>G,CGCAA,3,0
C>G,CGCAC,2,1
C>G,CGCAG,2,3
C>G,CGCAT,2,2
C>G,CGCCA,6,4
C>G,CGCCC,3,8
C>G,CGCCG,2,0
C>G,CGCCT,6,5
C>G,CGCGA,1,0
C>G,CGCGC,3,3
C>G,CGCGG,4,2
C>G,CGCGT,6,1
C>G,CGCTA,1,0
C>G,CGCTC,2,2
C>G,CGCTG,2,5
C>G,CGCTT,3,3
C>G,CTCAA,74,56
C>G,CTCAC,28,24
C>G,CTCAG,51,37
C>G,CTCAT,32,38
C>G,CTCCA,57,42
C>G,CTCCC,32,29
C>G,CTCCG,7,6
C>G,CTCCT,55,43
C>G,CTCGA,4,3
C>G,CTCGC,6,6
C>G,CTCGG,6,9
C>G,CTCGT,4,7
C>G,CTCTA,71,60
C>G,CTCTC,54,38
C>G,CTCTG,59,58
C>G,CTCTT,74,64
C>G,GACAA,24,17
C>G,GACAC,14,10
C>G,GACAG,51,34
C>G,GACAT,14,4
C>G,GACCA,27,15
C>G,GACCC,8,4
C>G,GACCG,1,2
C>G,GACCT,12,6
C>G,GACGA,2,3
C>G,GACGC,5,0
C>G,GACGG,3,1
C>G,GACGT,2,4
C>G,GACTA,20,14
C>G,GACTC,3,10
C>G,GACTG,18,16
C>G,GACTT,21,12
C>G,GCCAA,12,9
C>G,GCCAC,10,5
C>G,GCCAG,17,8
C>G,GCCAT,10,12
C>G,GCCCA,20,16
C>G,GCCCC,16,10
C>G,GCCCG,6,2
C>G,GCCCT,11,9
C>G,GCCGA,5,4
C>G,GCCGC,3,2
C>G,GCCGG,4,5
C>G,GCCGT,7,3
C>G,GCCTA,10,10
C>G,GCCTC,17,11
C>G,GCCTG,13,9
C>G,GCCTT,14,11
C>G,GGCAA,24,9
C>G,GGCAC,5,7
C>G,GGCAG,25,15
C>G,GGCAT,17,16
C>G,GGCCA,18,18
C>G,GGCCC,4,6
C>G,GGCCG,2,0
C>G,GGCCT,21,7
C>G,GGCGA,6,3
C>G,GGCGC,7,6
C>G,GGCGG,4,12
C>G,GGCGT,6,12
C>G,GGCTA,15,11
C>G,GGCTC,8,7
C>G,GGCTG,24,10
C>G,GGCTT,12,8
C>G,GTCAA,51,35
C>G,GTCAC,9,14
C>G,GTCAG,37,29
C>G,GTCAT,29,18
C>G,GTCCA,24,15
C>G,GTCCC,16,7
C>G,GTCCG,4,2
C>G,GTCCT,23,18
C>G,GTCGA,6,3
C>G,GTCGC,6,6
C>G,GTCGG,4,3
C>G,GTCGT,3,6
C>G,GTCTA,42,17
C>G,GTCTC,40,24
C>G,GTCTG,48,20
C>G,GTCTT,47,24
C>G,TACAA,48,26
C>G,TACAC,23,14
C>G,TACAG,57,48
C>G,TACAT,35,30
C>G,TACCA,20,21
C>G,TACCC,8,7
C>G,TACCG,3,0
C>G,TACCT,13,11
C>G,TACGA,6,3
C>G,TACGC,1,3
C>G,TACGG,3,1
C>G,TACGT,12,4
C>G,TACTA,33,19
C>G,TACTC,12,7
C>G,TACTG,28,22
C>G,TACTT,30,28
C>G,TCCAA,16,20
C>G,TCCAC,14,14
C>G,TCCAG,21,14
C>G,TCCAT,29,14
C>G,TCCCA,33,27
C>G,TCCCC,17,17
C>G,TCCCG,4,2
C>G,TCCCT,26,24
C>G,TCCGA,6,3
C>G,TCCGC,4,3
C>G,TCCGG,4,4
C>G,TCCGT,14,16
C>G,TCCTA,29,13
C>G,TCCTC,21,18
C>G,TCCTG,17,23
C>G,TCCTT,32,25
C>G,TGCAA,25,30
C>G,TGCAC,19,12
C>G,TGCAG,35,22
C>G,TGCAT,30,18
C>G,TGCCA,41,21
C>G,TGCCC,26,15
C>G,TGCCG,3,3
C>G,TGCCT,32,15
C>G,TGCGA,5,5
C>G,TGCGC,9,7
C>G,TGCGG,8,6
C>G,TGCGT,9,9
C>G,TGCTA,22,16
C>G,TGCTC,12,9
C>G,TGCTG,29,13
C>G,TGCTT,30,13
C>G,TTCAA,51,42
C>G,TTCAC,17,6
C>G,TTCAG,27,23
C>G,TTCAT,25,30
C>G,TTCCA,42,24
C>G,TTCCC,20,14
C>G,TTCCG,5,4
C>G,TTCCT,27,27
C>G,TTCGA,5,7
C>G,TTCGC,3,1
C>G,TTCGG,2,6
C>G,TTCGT,9,6
C>G,TTCTA,61,48
C>G,TTCTC,37,42
C>G,TTCTG,40,22
C>G,TTCTT,79,60
C>T,AACAA,44,44
C>T,AACAC,32,25
C>T,AACAG,40,31
C>T,AACAT,68,46
C>T,AACCA,26,19
C>T,AACCC,28,20
C>T,AACCG,4,1
C>T,AACCT,22,25
C>T,AACGA,16,19
C>T,AACGC,7,14
C>T,AACGG,10,21
C>T,AACGT,21,24
C>T,AACTA,33,10
C>T,AACTC,24,17
C>T,AACTG,20,17
C>T,AACTT,39,27
C>T,ACCAA,54,39
C>T,ACCAC,43,39
C>T,ACCAG,34,32
C>T,ACCAT,62,52
C>T,ACCCA,45,25
C>T,ACCCC,31,28
C>T,ACCCG,9,7
C>T,ACCCT,39,27
C>T,ACCGA,9,10
C>T,ACCGC,15,16
C>T,ACCGG,11,12
C>T,ACCGT,12,8
C>T,ACCTA,44,25
C>T,ACCTC,54,39
C>T,ACCTG,38,42
C>T,ACCTT,50,32
C>T,AGCAA,33,23
C>T,AGCAC,27,27
C>T,AGCAG,45,28
C>T,AGCAT,43,20
C>T,AGCCA,27,33
C>T,AGCCC,21,18
C>T,AGCCG,7,11
C>T,AGCCT,39,28
C>T,AGCGA,10,17
C>T,AGCGC,7,11
C>T,AGCGG,7,10
C>T,AGCGT,8,8
C>T,AGCTA,37,16
C>T,AGCTC,20,21
C>T,AGCTG,31,19
C>T,AGCTT,33,28
C>T,ATCAA,93,71
C>T,ATCAC,56,57
C>T,ATCAG,74,57
C>T,ATCAT,102,84
C>T,ATCCA,64,41
C>T,ATCCC,54,34
C>T,ATCCG,11,6
C>T,ATCCT,54,43
C>T,ATCGA,10,10
C>T,ATCGC,12,12
C>T,ATCGG,9,10
C>T,ATCGT,6,12
C>T,ATCTA,64,48
C>T,ATCTC,59,45
C>T,ATCTG,82,42
C>T,ATCTT,64,46
C>T,CACAA,52,30
C>T,CACAC,39,49
C>T,CACAG,58,38
C>T,CACAT,84,58
C>T,CACCA,54,40
C>T,CACCC,25,33
C>T,CACCG,5,5
C>T,CACCT,46,23
C>T,CACGA,16,18
C>T,CACGC,31,40
C>T,CACGG,22,25
C>T,CACGT,24,25
C>T,CACTA,28,17
C>T,CACTC,24,23
C>T,CACTG,51,42
C>T,CACTT,47,39
C>T,CCCAA,66,45
C>T,CCCAC,51,42
C>T,CCCAG,103,79
C>T,CCCAT,52,47
C>T,CCCCA,65,44
C>T,CCCCC,45,31
C>T,CCCCG,17,6
C>T,CCCCT,64,52
C>T,CCCGA,18,14
C>T,CCCGC,25,22
C>T,CCCGG,28,32
C>T,CCCGT,26,24
C>T,CCCTA,36,42
C>T,CCCTC,80,48
C>T,CCCTG,72,48
C>T,CCCTT,72,49
C>T,CGCAA,5,2
C>T,CGCAC,7,3
C>T,CGCAG,8,4
C>T,CGCAT,3,6
C>T,CGCCA,4,3
C>T,CGCCC,9,10
C>T,CGCCG,2,2
C>T,CGCCT,14,4
C>T,CGCGA,2,3
C>T,CGCGC,11,11
C>T,CGCGG,7,10
C>T,CGCGT,3,2
C>T,CGCTA,1,2
C>T,CGCTC,7,3
C>T,CGCTG,4,4
C>T,CGCTT,2,4
C>T,CTCAA,61,82
C>T,CTCAC,53,69
C>T,CTCAG,83,115
C>T,CTCAT,90,76
C>T,CTCCA,41,67
C>T,CTCCC,66,67
C>T,CTCCG,10,10
C>T,CTCCT,67,68
C>T,CTCGA,12,21
C>T,CTCGC,13,11
C>T,CTCGG,23,32
C>T,CTCGT,12,16
C>T,CTCTA,38,41
C>T,CTCTC,46,45
C>T,CTCTG,87,57
C>T,CTCTT,77,61
C>T,GACAA,19,14
C>T,GACAC,13,12
C>T,GACAG,24,25
C>T,GACAT,55,35
C>T,GACCA,16,12
C>T,GACCC,9,12
C>T,GACCG,2,1
C>T,GACCT,15,6
C>T,GACGA,8,14
C>T,GACGC,10,14
C>T,GACGG,27,18
C>T,GACGT,3,17
C>T,GACTA,32,6
C>T,GACTC,24,7
C>T,GACTG,13,13
C>T,GACTT,19,15
C>T,GCCAA,37,21
C>T,GCCAC,43,39
C>T,GCCAG,40,37
C>T,GCCAT,45,40
C>T,GCCCA,40,42
C>T,GCCCC,28,21
C>T,GCCCG,11,6
C>T,GCCCT,39,17
C>T,GCCGA,15,20
C>T,GCCGC,7,7
C>T,GCCGG,15,25
C>T,GCCGT,9,10
C>T,GCCTA,28,14
C>T,GCCTC,60,39
C>T,GCCTG,60,36
C>T,GCCTT,40,37
C>T,GGCAA,26,30
C>T,GGCAC,21,16
C>T,GGCAG,27,30
C>T,GGCAT,32,33
C>T,GGCCA,25,22
C>T,GGCCC,18,11
C>T,GGCCG,7,9
C>T,GGCCT,21,21
C>T,GGCGA,13,9
C>T,GGCGC,14,28
C>T,GGCGG,27,27
C>T,GGCGT,20,20
C>T,GGCTA,20,14
C>T,GGCTC,16,15
C>T,GGCTG,26,25
C>T,GGCTT,32,18
C>T,GTCAA,33,46
C>T,GTCAC,31,14
C>T,GTCAG,43,37
C>T,GTCAT,59,46
C>T,GTCCA,29,21
C>T,GTCCC,22,22
C>T,GTCCG,7,6
C>T,GTCCT,42,26
C>T,GTCGA,8,8
C>T,GTCGC,4,4
C>T,GTCGG,4,4
C>T,GTCGT,11,6
C>T,GTCTA,36,18
C>T,GTCTC,38,27
C>T,GTCTG,30,24
C>T,GTCTT,55,41
C>T,TACAA,41,36
C>T,TACAC,32,19
C>T,TACAG,42,35
C>T,TACAT,81,65
C>T,TACCA,31,20
C>T,TACCC,12,13
C>T,TACCG,2,2
C>T,TACCT,17,13
C>T,TACGA,18,14
C>T,TACGC,8,12
C>T,TACGG,7,14
C>T,TACGT,15,14
C>T,TACTA,37,27
C>T,TACTC,22,13
C>T,TACTG,37,21
C>T,TACTT,44,22
C>T,TCCAA,44,41
C>T,TCCAC,49,33
C>T,TCCAG,51,54
C>T,TCCAT,68,77
C>T,TCCCA,87,61
C>T,TCCCC,59,32
C>T,TCCCG,11,11
C>T,TCCCT,79,60
C>T,TCCGA,4,7
C>T,TCCGC,15,20
C>T,TCCGG,9,9
C>T,TCCGT,23,13
C>T,TCCTA,62,49
C>T,TCCTC,78,49
C>T,TCCTG,83,57
C>T,TCCTT,93,79
C>T,TGCAA,42,25
C>T,TGCAC,29,19
C>T,TGCAG,40,37
C>T,TGCAT,52,35
C>T,TGCCA,40,30
C>T,TGCCC,25,30
C>T,TGCCG,8,5
C>T,TGCCT,49,48
C>T,TGCGA,6,15
C>T,TGCGC,14,16
C>T,TGCGG,23,15
C>T,TGCGT,21,17
C>T,TGCTA,35,19
C>T,TGCTC,27,19
C>T,TGCTG,34,36
C>T,TGCTT,41,32
C>T,TTCAA,99,91
C>T,TTCAC,60,45
C>T,TTCAG,83,72
C>T,TTCAT,107,104
C>T,TTCCA,67,54
C>T,TTCCC,56,49
C>T,TTCCG,8,4
C>T,TTCCT,100,77
C>T,TTCGA,8,11
C>T,TTCGC,8,18
C>T,TTCGG,11,17
C>T,TTCGT,16,14
C>T,TTCTA,74,54
C>T,TTCTC,88,71
C>T,TTCTG,71,76
C>T,TTCTT,104,112
T>A,AATAA,62,54
T>A,AATAC,31,20
T>A,AATAG,46,35
T>A,AATAT,76,29
T>A,AATCA,26,20
T>A,AATCC,17,8
T>A,AATCG,4,0
T>A,AATCT,17,17
T>A,AATGA,42,31
T>A,AATGC,30,30
T>A,AATGG,46,23
T>A,AATGT,45,41
T>A,AATTA,35,26
T>A,AATTC,10,10
T>A,AATTG,19,17
T>A,AATTT,40,27
T>A,ACTAA,54,23
T>A,ACTAC,26,13
T>A,ACTAG,39,18
T>A,ACTAT,62,43
T>A,ACTCA,34,35
T>A,ACTCC,28,13
T>A,ACTCG,3,2
T>A,ACTCT,27,14
T>A,ACTGA,65,39
T>A,ACTGC,54,42
T>A,ACTGG,62,46
T>A,ACTGT,92,63
T>A,ACTTA,25,16
T>A,ACTTC,24,16
T>A,ACTTG,39,18
T>A,ACTTT,75,37
T>A,AGTAA,42,33
T>A,AGTAC,21,18
T>A,AGTAG,44,27
T>A,AGTAT,53,23
T>A,AGTCA,18,18
T>A,AGTCC,12,8
T>A,AGTCG,2,1
T>A,AGTCT,25,15
T>A,AGTGA,62,19
T>A,AGTGC,27,23
T>A,AGTGG,32,46
T>A,AGTGT,33,31
T>A,AGTTA,20,12
T>A,AGTTC,19,7
T>A,AGTTG,16,15
T>A,AGTTT,25,21
T>A,ATTAA,50,23
T>A,ATTAC,32,15
T>A,ATTAG,42,16
T>A,ATTAT,62,36
T>A,ATTCA,28,18
T>A,ATTCC,12,11
T>A,ATTCG,3,3
T>A,ATTCT,27,22
T>A,ATTGA,35,18
T>A,ATTGC,14,18
T>A,ATTGG,25,17
T>A,ATTGT,35,24
T>A,ATTTA,36,27
T>A,ATTTC,28,15
T>A,ATTTG,32,26
T>A,ATTTT,67,36
T>A,CATAA,39,19
T>A,CATAC,30,18
T>A,CATAG,38,16
T>A,CATAT,41,35
T>A,CATCA,21,20
T>A,CATCC,17,14
T>A,CATCG,3,4
T>A,CATCT,25,12
T>A,CATGA,46,27
T>A,CATGC,24,29
T>A,CATGG,35,20
T>A,CATGT,51,29
T>A,CATTA,27,22
T>A,CATTC,10,10
T>A,CATTG,26,12
T>A,CATTT,40,21
T>A,CCTAA,47,24
T>A,CCTAC,38,20
T>A,CCTAG,42,30
T>A,CCTAT,44,26
T>A,CCTCA,53,33
T>A,CCTCC,48,22
T>A,CCTCG,7,7
T>A,CCTCT,52,39
T>A,CCTGA,72,63
T>A,CCTGC,67,53
T>A,CCTGG,106,60
T>A,CCTGT,83,60
T>A,CCTTA,37,20
T>A,CCTTC,45,26
T>A,CCTTG,47,33
T>A,CCTTT,89,23
T>A,CGTAA,6,5
T>A,CGTAC,2,3
T>A,CGTAG,4,0
T>A,CGTAT,7,3
T>A,CGTCA,2,1
T>A,CGTCC,3,4
T>A,CGTCG,0,3
T>A,CGTCT,4,8
T>A,CGTGA,13,8
T>A,CGTGC,7,5
T>A,CGTGG,8,7
T>A,CGTGT,7,5
T>A,CGTTA,7,1
T>A,CGTTC,2,3
T>A,CGTTG,4,4
T>A,CGTTT,2,1
T>A,CTTAA,30,17
T>A,CTTAC,27,17
T>A,CTTAG,32,16
T>A,CTTAT,46,26
T>A,CTTCA,20,19
T>A,CTTCC,13,14
T>A,CTTCG,1,1
T>A,CTTCT,34,23
T>A,CTTGA,28,14
T>A,CTTGC,13,15
T>A,CTTGG,24,11
T>A,CTTGT,22,21
T>A,CTTTA,22,7
T>A,CTTTC,19,8
T>A,CTTTG,21,16
T>A,CTTTT,45,17
T>A,GATAA,33,21
T>A,GATAC,25,7
T>A,GATAG,18,19
T>A,GATAT,29,16
T>A,GATCA,11,15
T>A,GATCC,9,3
T>A,GATCG,0,2
T>A,GATCT,15,8
T>A,GATGA,23,17
T>A,GATGC,16,9
T>A,GATGG,28,21
T>A,GATGT,19,23
T>A,GATTA,21,12
T>A,GATTC,3,6
T>A,GATTG,10,15
T>A,GATTT,30,14
T>A,GCTAA,44,19
T>A,GCTAC,25,18
T>A,GCTAG,22,21
T>A,GCTAT,46,28
T>A,GCTCA,28,15
T>A,GCTCC,15,10
T>A,GCTCG,3,4
T>A,GCTCT,27,19
T>A,GCTGA,58,32
T>A,GCTGC,33,29
T>A,GCTGG,83,45
T>A,GCTGT,70,40
T>A,GCTTA,18,14
T>A,GCTTC,25,16
T>A,GCTTG,30,21
T>A,GCTTT,46,23
T>A,GGTAA,23,11
T>A,GGTAC,11,15
T>A,GGTAG,24,11
T>A,GGTAT,30,19
T>A,GGTCA,7,7
T>A,GGTCC,6,6
T>A,GGTCG,1,1
T>A,GGTCT,14,9
T>A,GGTGA,42,29
T>A,GGTGC,10,13
T>A,GGTGG,39,26
T>A,GGTGT,29,7
T>A,GGTTA,15,7
T>A,GGTTC,12,5
T>A,GGTTG,17,13
T>A,GGTTT,30,13
T>A,GTTAA,34,10
T>A,GTTAC,15,12
T>A,GTTAG,18,7
T>A,GTTAT,25,14
T>A,GTTCA,17,7
T>A,GTTCC,6,7
T>A,GTTCG,0,2
T>A,GTTCT,10,11
T>A,GTTGA,17,15
T>A,GTTGC,5,15
T>A,GTTGG,20,7
T>A,GTTGT,15,17
T>A,GTTTA,21,9
T>A,GTTTC,15,5
T>A,GTTTG,18,7
T>A,GTTTT,31,19
T>A,TATAA,58,27
T>A,TATAC,23,21
T>A,TATAG,25,23
T>A,TATAT,78,39
T>A,TATCA,23,17
T>A,TATCC,9,9
T>A,TATCG,2,1
T>A,TATCT,28,14
T>A,TATGA,29,29
T>A,TATGC,24,14
T>A,TATGG,25,9
T>A,TATGT,53,32
T>A,TATTA,36,23
T>A,TATTC,16,7
T>A,TATTG,28,17
T>A,TATTT,41,26
T>A,TCTAA,38,29
T>A,TCTAC,41,19
T>A,TCTAG,32,24
T>A,TCTAT,64,34
T>A,TCTCA,46,34
T>A,TCTCC,37,19
T>A,TCTCG,9,4
T>A,TCTCT,55,30
T>A,TCTGA,64,33
T>A,TCTGC,43,43
T>A,TCTGG,52,34
T>A,TCTGT,68,53
T>A,TCTTA,35,22
T>A,TCTTC,35,11
T>A,TCTTG,33,23
T>A,TCTTT,82,34
T>A,TGTAA,43,35
T>A,TGTAC,21,24
T>A,TGTAG,46,19
T>A,TGTAT,61,42
T>A,TGTCA,25,26
T>A,TGTCC,10,7
T>A,TGTCG,2,2
T>A,TGTCT,31,27
T>A,TGTGA,44,19
T>A,TGTGC,35,24
T>A,TGTGG,41,34
T>A,TGTGT,63,57
T>A,TGTTA,26,21
T>A,TGTTC,14,7
T>A,TGTTG,31,18
T>A,TGTTT,41,34
T>A,TTTAA,90,47
T>A,TTTAC,32,18
T>A,TTTAG,42,23
T>A,TTTAT,93,39
T>A,TTTCA,18,22
T>A,TTTCC,18,13
T>A,TTTCG,1,1
T>A,TTTCT,31,25
T>A,TTTGA,26,28
T>A,TTTGC,24,12
T>A,TTTGG,30,27
T>A,TTTGT,69,45
T>A,TTTTA,33,28
T>A,TTTTC,30,9
T>A,TTTTG,34,13
T>A,TTTTT,71,35
T>C,AATAA,55,39
T>C,AATAC,33,31
T>C,AATAG,80,72
T>C,AATAT,72,51
T>C,AATCA,13,12
T>C,AATCC,11,7
T>C,AATCG,0,2
T>C,AATCT,16,8
T>C,AATGA,19,31
T>C,AATGC,23,23
T>C,AATGG,47,44
T>C,AATGT,30,37
T>C,AATTA,23,19
T>C,AATTC,13,6
T>C,AATTG,38,36
T>C,AATTT,22,20
T>C,ACTAA,13,11
T>C,ACTAC,4,11
T>C,ACTAG,25,23
T>C,ACTAT,21,12
T>C,ACTCA,3,11
T>C,ACTCC,15,11
T>C,ACTCG,1,1
T>C,ACTCT,9,7
T>C,ACTGA,11,11
T>C,ACTGC,8,5
T>C,ACTGG,16,15
T>C,ACTGT,10,9
T>C,ACTTA,12,10
T>C,ACTTC,9,8
T>C,ACTTG,19,9
T>C,ACTTT,13,15
T>C,AGTAA,13,17
T>C,AGTAC,18,9
T>C,AGTAG,35,21
T>C,AGTAT,29,17
T>C,AGTCA,9,5
T>C,AGTCC,3,6
T>C,AGTCG,3,0
T>C,AGTCT,21,7
T>C,AGTGA,20,5
T>C,AGTGC,10,7
T>C,AGTGG,20,15
T>C,AGTGT,11,10
T>C,AGTTA,14,9
T>C,AGTTC,14,7
T>C,AGTTG,23,15
T>C,AGTTT,20,8
T>C,ATTAA,9,9
T>C,ATTAC,10,14
T>C,ATTAG,15,12
T>C,ATTAT,15,22
T>C,ATTCA,8,5
T>C,ATTCC,12,6
T>C,ATTCG,0,0
T>C,ATTCT,7,13
T>C,ATTGA,10,7
T>C,ATTGC,11,6
T>C,ATTGG,5,6
T>C,ATTGT,6,7
T>C,ATTTA,9,5
T>C,ATTTC,11,8
T>C,ATTTG,8,16
T>C,ATTTT,18,7
T>C,CATAA,22,10
T>C,CATAC,27,18
T>C,CATAG,53,46
T>C,CATAT,37,29
T>C,CATCA,9,10
T>C,CATCC,11,3
T>C,CATCG,2,0
T>C,CATCT,11,11
T>C,CATGA,19,13
T>C,CATGC,25,19
T>C,CATGG,24,26
T>C,CATGT,18,19
T>C,CATTA,17,14
T>C,CATTC,16,9
T>C,CATTG,32,31
T>C,CATTT,23,20
T>C,CCTAA,11,8
T>C,CCTAC,5,6
T>C,CCTAG,44,14
T>C,CCTAT,18,14
T>C,CCTCA,9,7
T>C,CCTCC,12,7
T>C,CCTCG,2,1
T>C,CCTCT,18,9
T>C,CCTGA,15,9
T>C,CCTGC,11,16
T>C,CCTGG,25,22
T>C,CCTGT,17,15
T>C,CCTTA,5,10
T>C,CCTTC,8,9
T>C,CCTTG,16,14
T>C,CCTTT,12,14
T>C,CGTAA,2,2
T>C,CGTAC,2,0
T>C,CGTAG,2,2
T>C,CGTAT,8,2
T>C,CGTCA,2,0
T>C,CGTCC,0,0
T>C,CGTCG,1,0
T>C,CGTCT,8,4
T>C,CGTGA,3,2
T>C,CGTGC,2,2
T>C,CGTGG,6,1
T>C,CGTGT,4,3
T>C,CGTTA,2,1
T>C,CGTTC,1,1
T>C,CGTTG,3,3
T>C,CGTTT,2,5
T>C,CTTAA,9,11
T>C,CTTAC,8,4
T>C,CTTAG,23,9
T>C,CTTAT,21,9
T>C,CTTCA,14,13
T>C,CTTCC,10,7
T>C,CTTCG,0,1
T>C,CTTCT,15,15
T>C,CTTGA,6,5
T>C,CTTGC,9,5
T>C,CTTGG,6,7
T>C,CTTGT,8,5
T>C,CTTTA,14,6
T>C,CTTTC,12,9
T>C,CTTTG,13,11
T>C,CTTTT,13,13
T>C,GATAA,33,13
T>C,GATAC,9,11
T>C,GATAG,22,27
T>C,GATAT,24,13
T>C,GATCA,7,5
T>C,GATCC,4,4
T>C,GATCG,0,1
T>C,GATCT,7,4
T>C,GATGA,14,14
T>C,GATGC,9,11
T>C,GATGG,30,18
T>C,GATGT,6,9
T>C,GATTA,10,6
T>C,GATTC,11,8
T>C,GATTG,13,10
T>C,GATTT,17,16
T>C,GCTAA,9,3
T>C,GCTAC,5,7
T>C,GCTAG,24,7
T>C,GCTAT,10,7
T>C,GCTCA,9,5
T>C,GCTCC,8,6
T>C,GCTCG,1,0
T>C,GCTCT,10,4
T>C,GCTGA,10,6
T>C,GCTGC,14,9
T>C,GCTGG,12,8
T>C,GCTGT,8,7
T>C,GCTTA,8,2
T>C,GCTTC,22,2
T>C,GCTTG,16,8
T>C,GCTTT,14,11
T>C,GGTAA,13,4
T>C,GGTAC,5,8
T>C,GGTAG,13,7
T>C,GGTAT,14,5
T>C,GGTCA,11,3
T>C,GGTCC,4,7
T>C,GGTCG,5,1
T>C,GGTCT,8,6
T>C,GGTGA,7,4
T>C,GGTGC,6,8
T>C,GGTGG,12,12
T>C,GGTGT,8,6
T>C,GGTTA,4,2
T>C,GGTTC,12,3
T>C,GGTTG,20,6
T>C,GGTTT,6,7
T>C,GTTAA,4,4
T>C,GTTAC,7,0
T>C,GTTAG,5,8
T>C,GTTAT,8,7
T>C,GTTCA,8,2
T>C,GTTCC,4,4
T>C,GTTCG,0,0
T>C,GTTCT,10,7
T>C,GTTGA,1,3
T>C,GTTGC,2,2
T>C,GTTGG,5,2
T>C,GTTGT,6,3
T>C,GTTTA,2,2
T>C,GTTTC,10,3
T>C,GTTTG,4,11
T>C,GTTTT,4,5
T>C,TATAA,48,48
T>C,TATAC,41,34
T>C,TATAG,106,61
T>C,TATAT,119,100
T>C,TATCA,7,14
T>C,TATCC,9,6
T>C,TATCG,1,0
T>C,TATCT,24,13
T>C,TATGA,19,26
T>C,TATGC,22,17
T>C,TATGG,41,33
T>C,TATGT,57,50
T>C,TATTA,33,26
T>C,TATTC,24,9
T>C,TATTG,38,48
T>C,TATTT,46,49
T>C,TCTAA,26,13
T>C,TCTAC,24,33
T>C,TCTAG,64,44
T>C,TCTAT,48,32
T>C,TCTCA,42,16
T>C,TCTCC,8,16
T>C,TCTCG,7,3
T>C,TCTCT,37,25
T>C,TCTGA,18,10
T>C,TCTGC,17,13
T>C,TCTGG,30,29
T>C,TCTGT,36,26
T>C,TCTTA,13,23
T>C,TCTTC,25,9
T>C,TCTTG,41,28
T>C,TCTTT,43,40
T>C,TGTAA,37,22
T>C,TGTAC,25,18
T>C,TGTAG,55,43
T>C,TGTAT,55,43
T>C,TGTCA,9,6
T>C,TGTCC,10,10
T>C,TGTCG,4,0
T>C,TGTCT,35,20
T>C,TGTGA,12,20
T>C,TGTGC,4,13
T>C,TGTGG,21,24
T>C,TGTGT,24,23
T>C,TGTTA,21,26
T>C,TGTTC,12,16
T>C,TGTTG,56,28
T>C,TGTTT,39,40
T>C,TTTAA,40,30
T>C,TTTAC,35,26
T>C,TTTAG,47,41
T>C,TTTAT,91,56
T>C,TTTCA,10,10
T>C,TTTCC,13,9
T>C,TTTCG,0,1
T>C,TTTCT,35,28
T>C,TTTGA,15,18
T>C,TTTGC,11,13
T>C,TTTGG,29,20
T>C,TTTGT,31,25
T>C,TTTTA,18,23
T>C,TTTTC,25,14
T>C,TTTTG,47,29
T>C,TTTTT,37,55
T>G,AATAA,22,19
T>G,AATAC,5,3
T>G,AATAG,14,9
T>G,AATAT,10,11
T>G,AATCA,4,4
T>G,AATCC,0,1
T>G,AATCG,0,1
T>G,AATCT,4,3
T>G,AATGA,14,10
T>G,AATGC,4,4
T>G,AATGG,4,4
T>G,AATGT,9,4
T>G,AATTA,10,9
T>G,AATTC,3,5
T>G,AATTG,7,5
T>G,AATTT,8,13
T>G,ACTAA,10,7
T>G,ACTAC,2,1
T>G,ACTAG,3,3
T>G,ACTAT,8,4
T>G,ACTCA,4,2
T>G,ACTCC,1,4
T>G,ACTCG,1,0
T>G,ACTCT,2,3
T>G,ACTGA,6,7
T>G,ACTGC,10,10
T>G,ACTGG,6,7
T>G,ACTGT,10,8
T>G,ACTTA,20,15
T>G,ACTTC,11,12
T>G,ACTTG,13,16
T>G,ACTTT,17,19
T>G,AGTAA,2,7
T>G,AGTAC,1,2
T>G,AGTAG,5,4
T>G,AGTAT,8,1
T>G,AGTCA,8,4
T>G,AGTCC,1,2
T>G,AGTCG,2,1
T>G,AGTCT,6,3
T>G,AGTGA,14,8
T>G,AGTGC,6,3
T>G,AGTGG,6,7
T>G,AGTGT,8,7
T>G,AGTTA,6,7
T>G,AGTTC,4,2
T>G,AGTTG,5,3
T>G,AGTTT,9,10
T>G,ATTAA,13,5
T>G,ATTAC,4,6
T>G,ATTAG,9,5
T>G,ATTAT,10,8
T>G,ATTCA,6,3
T>G,ATTCC,6,0
T>G,ATTCG,0,0
T>G,ATTCT,4,1
T>G,ATTGA,16,6
T>G,ATTGC,9,2
T>G,ATTGG,4,4
T>G,ATTGT,8,9
T>G,ATTTA,18,18
T>G,ATTTC,7,5
T>G,ATTTG,10,14
T>G,ATTTT,17,26
T>G,CATAA,5,14
T>G,CATAC,2,2
T>G,CATAG,8,7
T>G,CATAT,4,6
T>G,CATCA,7,3
T>G,CATCC,8,4
T>G,CATCG,1,0
T>G,CATCT,7,6
T>G,CATGA,13,6
T>G,CATGC,6,5
T>G,CATGG,9,6
T>G,CATGT,10,9
T>G,CATTA,2,9
T>G,CATTC,0,1
T>G,CATTG,4,3
T>G,CATTT,7,7
T>G,CCTAA,6,6
T>G,CCTAC,5,2
T>G,CCTAG,4,5
T>G,CCTAT,6,4
T>G,CCTCA,5,6
T>G,CCTCC,8,3
T>G,CCTCG,1,0
T>G,CCTCT,3,5
T>G,CCTGA,10,6
T>G,CCTGC,10,9
T>G,CCTGG,11,8
T>G,CCTGT,16,6
T>G,CCTTA,4,7
T>G,CCTTC,5,2
T>G,CCTTG,7,4
T>G,CCTTT,4,6
T>G,CGTAA,0,1
T>G,CGTAC,0,0
T>G,CGTAG,0,0
T>G,CGTAT,1,1
T>G,CGTCA,0,0
T>G,CGTCC,0,0
T>G,CGTCG,0,0
T>G,CGTCT,1,0
T>G,CGTGA,1,0
T>G,CGTGC,3,2
T>G,CGTGG,1,0
T>G,CGTGT,1,0
T>G,CGTTA,0,1
T>G,CGTTC,1,2
T>G,CGTTG,1,0
T>G,CGTTT,2,0
T>G,CTTAA,7,8
T>G,CTTAC,2,2
T>G,CTTAG,3,5
T>G,CTTAT,6,4
T>G,CTTCA,5,2
T>G,CTTCC,5,7
T>G,CTTCG,0,0
T>G,CTTCT,8,4
T>G,CTTGA,17,11
T>G,CTTGC,12,12
T>G,CTTGG,11,6
T>G,CTTGT,15,2
T>G,CTTTA,12,4
T>G,CTTTC,6,9
T>G,CTTTG,6,11
T>G,CTTTT,12,9
T>G,GATAA,8,8
T>G,GATAC,1,3
T>G,GATAG,10,5
T>G,GATAT,5,3
T>G,GATCA,2,3
T>G,GATCC,0,1
T>G,GATCG,0,1
T>G,GATCT,3,3
T>G,GATGA,1,2
T>G,GATGC,4,2
T>G,GATGG,3,4
T>G,GATGT,7,6
T>G,GATTA,3,1
T>G,GATTC,3,0
T>G,GATTG,4,1
T>G,GATTT,4,5
T>G,GCTAA,5,1
T>G,GCTAC,3,0
T>G,GCTAG,3,2
T>G,GCTAT,5,2
T>G,GCTCA,3,4
T>G,GCTCC,1,1
T>G,GCTCG,0,0
T>G,GCTCT,4,1
T>G,GCTGA,2,6
T>G,GCTGC,6,4
T>G,GCTGG,7,7
T>G,GCTGT,7,1
T>G,GCTTA,4,4
T>G,GCTTC,5,3
T>G,GCTTG,4,3
T>G,GCTTT,8,9
T>G,GGTAA,5,3
T>G,GGTAC,1,1
T>G,GGTAG,7,1
T>G,GGTAT,5,1
T>G,GGTCA,1,1
T>G,GGTCC,3,1
T>G,GGTCG,0,0
T>G,GGTCT,2,3
T>G,GGTGA,4,3
T>G,GGTGC,8,10
T>G,GGTGG,7,6
T>G,GGTGT,4,4
T>G,GGTTA,2,3
T>G,GGTTC,1,2
T>G,GGTTG,3,2
T>G,GGTTT,3,5
T>G,GTTAA,5,4
T>G,GTTAC,4,2
T>G,GTTAG,5,1
T>G,GTTAT,2,3
T>G,GTTCA,2,1
T>G,GTTCC,4,1
T>G,GTTCG,0,0
T>G,GTTCT,5,1
T>G,GTTGA,8,7
T>G,GTTGC,4,7
T>G,GTTGG,5,3
T>G,GTTGT,6,7
T>G,GTTTA,6,7
T>G,GTTTC,5,3
T>G,GTTTG,13,7
T>G,GTTTT,15,8
T>G,TATAA,6,11
T>G,TATAC,7,3
T>G,TATAG,12,6
T>G,TATAT,11,13
T>G,TATCA,4,5
T>G,TATCC,3,2
T>G,TATCG,0,0
T>G,TATCT,8,1
T>G,TATGA,6,2
T>G,TATGC,6,1
T>G,TATGG,0,5
T>G,TATGT,8,7
T>G,TATTA,2,4
T>G,TATTC,3,1
T>G,TATTG,3,2
T>G,TATTT,10,11
T>G,TCTAA,8,2
T>G,TCTAC,3,4
T>G,TCTAG,9,4
T>G,TCTAT,7,6
T>G,TCTCA,4,7
T>G,TCTCC,4,3
T>G,TCTCG,3,0
T>G,TCTCT,2,6
T>G,TCTGA,12,9
T>G,TCTGC,13,12
T>G,TCTGG,2,7
T>G,TCTGT,11,20
T>G,TCTTA,13,14
T>G,TCTTC,10,5
T>G,TCTTG,6,10
T>G,TCTTT,10,13
T>G,TGTAA,10,6
T>G,TGTAC,3,3
T>G,TGTAG,8,2
T>G,TGTAT,10,6
T>G,TGTCA,4,1
T>G,TGTCC,3,2
T>G,TGTCG,0,0
T>G,TGTCT,5,1
T>G,TGTGA,14,12
T>G,TGTGC,9,8
T>G,TGTGG,11,6
T>G,TGTGT,17,11
T>G,TGTTA,6,10
T>G,TGTTC,5,1
T>G,TGTTG,7,3
T>G,TGTTT,5,8
T>G,TTTAA,17,11
T>G,TTTAC,8,5
T>G,TTTAG,4,7
T>G,TTTAT,15,8
T>G,TTTCA,8,5
T>G,TTTCC,9,2
T>G,TTTCG,2,0
T>G,TTTCT,8,7
T>G,TTTGA,29,11
T>G,TTTGC,19,8
T>G,TTTGG,10,10
T>G,TTTGT,27,26
T>G,TTTTA,18,19
T>G,TTTTC,6,8
T>G,TTTTG,9,7
T>G,TTTTT,29,25
