Mutation type,Trinucleotide,Lung-AdenoCA::SP53460,Lung-AdenoCA::SP50827,Lung-AdenoCA::SP50263,Lung-AdenoCA::SP50317,Lung-AdenoCA::SP54113,Lung-AdenoCA::SP50406,Lung-AdenoCA::SP51824,Lung-AdenoCA::SP55387,Lung-AdenoCA::SP52779,Lung-AdenoCA::SP55235
C>A,ACA,2412,1709,215,328,4138,13,598,963,1618,4108
C>A,ACC,1285,1052,132,175,2107,5,364,494,867,2395
C>A,ACG,454,424,38,35,986,0,156,196,432,959
C>A,ACT,1807,1163,129,218,2531,7,400,639,1065,2832
C>A,CCA,3015,2056,141,233,5016,6,770,1202,1957,5497
C>A,CCC,2357,1847,126,177,3943,4,668,851,1659,4560
C>A,CCG,630,508,26,39,1086,2,205,229,484,1251
C>A,CCT,2419,1785,121,236,3637,7,633,917,1675,4676
C>A,GCA,1543,1259,156,371,2836,9,492,587,1143,2889
C>A,GCC,1268,996,107,120,2312,7,367,442,925,2318
C>A,GCG,444,376,27,31,908,1,155,164,338,811
C>A,GCT,1084,849,120,233,2021,9,350,378,754,2046
C>A,TCA,2010,1517,177,623,3529,9,610,781,1385,3464
C>A,TCC,1911,1370,186,335,3189,15,553,643,1405,3404
C>A,TCG,299,236,28,55,577,0,114,123,227,597
C>A,TCT,2211,1601,294,573,3436,8,656,808,1580,3852
C>G,ACA,579,413,106,113,1373,5,201,260,305,1357
C>G,ACC,239,174,67,75,520,1,92,95,169,597
C>G,ACG,87,69,30,13,232,0,30,37,50,250
C>G,ACT,393,298,97,92,885,3,161,174,228,884
C>G,CCA,355,274,62,81,982,3,145,97,286,1060
C>G,CCC,304,237,57,53,688,0,120,86,201,808
C>G,CCG,115,97,26,13,319,1,63,42,93,315
C>G,CCT,331,262,86,91,920,1,182,131,247,909
C>G,GCA,358,228,37,40,867,6,125,117,206,790
C>G,GCC,271,174,37,34,598,5,137,113,184,633
C>G,GCG,104,93,14,8,276,1,45,42,82,280
C>G,GCT,281,171,66,58,574,2,115,103,146,635
C>G,TCA,642,511,243,1443,2593,2,747,196,665,1627
C>G,TCC,454,345,152,351,1166,3,304,172,329,1074
C>G,TCG,89,88,20,93,261,1,62,30,72,242
C>G,TCT,912,675,355,1709,3049,7,924,266,948,2082
C>T,ACA,724,562,198,208,1711,16,327,280,527,1535
C>T,ACC,314,245,116,90,696,8,166,145,231,763
C>T,ACG,243,303,450,234,417,49,304,118,269,530
C>T,ACT,494,316,133,158,1074,13,239,190,298,978
C>T,CCA,842,717,189,172,1721,6,406,352,616,2113
C>T,CCC,669,470,121,109,1321,10,337,237,432,1553
C>T,CCG,241,249,296,148,491,29,264,104,248,616
C>T,CCT,950,685,147,170,2300,12,454,377,644,2197
C>T,GCA,440,338,161,136,1170,6,262,170,294,953
C>T,GCC,316,285,148,107,819,12,251,125,229,701
C>T,GCG,193,219,379,173,400,45,243,69,243,420
C>T,GCT,366,275,136,104,972,11,233,181,297,819
C>T,TCA,1127,1066,367,1543,3787,15,1321,306,1330,3310
C>T,TCC,698,595,229,356,1633,12,583,227,567,1817
C>T,TCG,167,206,210,236,483,23,238,59,227,566
C>T,TCT,1013,808,255,800,2805,12,926,344,990,2673
T>A,ATA,652,399,64,113,972,2,233,209,383,983
T>A,ATC,227,164,63,60,338,4,111,93,161,392
T>A,ATG,536,384,75,88,953,6,249,177,371,1033
T>A,ATT,392,265,134,141,632,7,221,148,245,737
T>A,CTA,664,389,67,74,1172,2,221,260,450,1359
T>A,CTC,472,300,53,81,787,6,171,157,298,1052
T>A,CTG,1072,735,63,97,1916,5,398,443,692,2507
T>A,CTT,685,353,59,113,1091,2,216,211,349,1278
T>A,GTA,438,288,36,53,777,3,173,161,264,866
T>A,GTC,162,143,40,44,297,1,74,63,114,363
T>A,GTG,492,353,49,48,974,4,244,208,326,1148
T>A,GTT,281,182,53,60,556,2,150,118,176,585
T>A,TTA,670,336,94,128,943,5,217,203,336,1018
T>A,TTC,239,199,50,52,370,3,87,94,147,481
T>A,TTG,402,304,41,38,804,3,187,161,282,864
T>A,TTT,523,277,69,148,842,4,171,172,269,803
T>C,ATA,781,603,182,195,2082,6,499,391,592,1985
T>C,ATC,132,100,81,62,334,4,98,61,97,340
T>C,ATG,403,390,116,114,1484,5,346,141,360,1266
T>C,ATT,376,327,174,147,1075,8,293,195,290,952
T>C,CTA,351,245,87,65,1146,4,191,196,250,1086
T>C,CTC,191,129,78,72,426,3,103,78,125,549
T>C,CTG,258,210,76,53,1031,4,233,115,230,951
T>C,CTT,276,212,108,83,832,4,148,129,167,957
T>C,GTA,326,220,106,81,1031,8,211,167,240,864
T>C,GTC,133,75,68,47,238,5,96,46,85,245
T>C,GTG,170,155,80,52,718,0,156,80,152,592
T>C,GTT,249,177,116,79,659,7,164,92,150,533
T>C,TTA,347,262,113,113,1038,7,233,209,230,878
T>C,TTC,146,121,85,92,304,4,79,57,87,341
T>C,TTG,161,134,44,39,591,3,159,61,119,469
T>C,TTT,245,217,109,111,648,6,164,112,167,668
T>G,ATA,130,123,35,25,249,4,82,41,85,229
T>G,ATC,51,38,15,14,63,0,43,15,25,83
T>G,ATG,104,77,46,42,189,2,50,39,76,240
T>G,ATT,73,77,60,49,192,5,52,33,41,311
T>G,CTA,87,53,21,29,186,0,45,29,55,200
T>G,CTC,46,45,35,17,154,1,25,14,48,187
T>G,CTG,139,127,42,41,396,0,69,45,110,415
T>G,CTT,141,142,81,73,664,1,73,44,48,904
T>G,GTA,66,39,14,14,132,0,43,26,38,142
T>G,GTC,36,19,13,14,59,0,25,12,23,68
T>G,GTG,114,87,31,38,210,3,54,45,79,313
T>G,GTT,60,59,45,60,189,2,49,27,35,322
T>G,TTA,114,84,36,39,286,2,69,39,94,256
T>G,TTC,72,34,36,30,125,1,37,29,39,161
T>G,TTG,200,131,44,48,340,2,80,70,128,426
T>G,TTT,189,180,113,87,477,5,109,80,100,655
