Mutation type,Trinucleotide,ColoRect-AdenoCA::SP18310,ColoRect-AdenoCA::SP17172,ColoRect-AdenoCA::SP96133,ColoRect-AdenoCA::SP110242,ColoRect-AdenoCA::SP114330,ColoRect-AdenoCA::SP21017,ColoRect-AdenoCA::SP22383,ColoRect-AdenoCA::SP81312,ColoRect-AdenoCA::SP22031,ColoRect-AdenoCA::SP96112
C>A,ACA,239,321,674,554,246,596,626,870,447,152
C>A,ACC,261,280,368,423,118,362,377,2151,953,81
C>A,ACG,25,32,64,55,21,115,49,68,48,12
C>A,ACT,462,491,495,723,136,572,577,4247,2292,93
C>A,CCA,930,1109,978,1742,159,1252,1078,2083,618,109
C>A,CCC,2136,2036,1341,2356,88,1589,1475,1021,292,52
C>A,CCG,310,322,321,435,17,344,272,177,63,17
C>A,CCT,5176,5354,3566,7976,143,4568,4000,8542,2537,90
C>A,GCA,336,368,949,789,258,1062,1018,1329,482,137
C>A,GCC,317,492,404,523,90,633,833,1388,435,58
C>A,GCG,51,99,119,136,21,196,151,91,37,10
C>A,GCT,869,1229,1043,1468,169,1620,1947,6763,1504,92
C>A,TCA,245,333,777,689,273,747,671,23822,12463,186
C>A,TCC,401,426,609,689,188,612,535,5015,1296,132
C>A,TCG,57,60,117,101,39,125,103,719,279,21
C>A,TCT,1172,1273,1732,2424,463,2054,1729,216989,84443,250
C>G,ACA,330,334,301,347,61,226,255,415,67,51
C>G,ACC,95,125,123,130,30,93,111,147,39,32
C>G,ACG,19,32,32,33,6,25,19,7,4,7
C>G,ACT,283,295,265,281,60,191,218,131,64,44
C>G,CCA,21,61,75,60,31,44,54,26,10,17
C>G,CCC,26,50,79,68,20,32,53,18,13,9
C>G,CCG,20,27,30,37,7,17,17,7,4,3
C>G,CCT,39,82,102,77,51,56,94,30,12,32
C>G,GCA,65,90,78,99,18,72,68,228,57,18
C>G,GCC,171,182,159,211,15,130,120,217,45,16
C>G,GCG,11,23,27,24,2,21,16,5,2,2
C>G,GCT,130,167,142,133,20,91,124,177,69,14
C>G,TCA,59,120,143,121,89,106,104,57,20,36
C>G,TCC,40,83,115,112,49,76,75,60,26,32
C>G,TCG,3,16,21,13,10,10,12,6,2,7
C>G,TCT,195,366,332,274,136,275,237,151,83,58
C>T,ACA,5746,5240,3635,5620,210,3373,2712,1611,578,166
C>T,ACC,1476,1345,1031,1618,91,1085,1190,2753,976,77
C>T,ACG,11764,10953,4768,5642,1064,4305,4213,8210,2500,627
C>T,ACT,1589,1408,1197,1913,177,1094,1244,3858,1425,92
C>T,CCA,1048,947,769,1163,144,899,752,1071,229,89
C>T,CCC,1143,1109,885,1459,101,993,952,1569,365,77
C>T,CCG,8916,8178,3628,4338,648,3440,3065,4117,982,394
C>T,CCT,1202,1069,918,1433,150,999,975,2388,552,120
C>T,GCA,5297,4276,2975,4906,121,3281,2901,6318,921,86
C>T,GCC,4414,4705,3267,4831,171,4815,4507,20339,3534,84
C>T,GCG,10662,11813,5906,7965,831,9896,7656,32010,5115,499
C>T,GCT,3227,3166,2226,3467,121,3025,3323,24801,4126,83
C>T,TCA,1002,1050,806,1126,199,866,724,7909,1153,103
C>T,TCC,932,1121,851,1155,152,1053,856,22845,3508,109
C>T,TCG,4756,4233,2046,2290,433,1797,1711,127415,18777,270
C>T,TCT,882,1191,787,1128,202,1021,909,53685,9836,101
T>A,ATA,174,465,254,322,68,253,237,1018,316,70
T>A,ATC,290,466,304,478,53,474,414,370,108,46
T>A,ATG,112,167,156,180,59,147,172,68,33,34
T>A,ATT,1825,2202,1610,2302,177,1698,1789,3678,1670,113
T>A,CTA,35,144,138,148,53,98,104,100,35,32
T>A,CTC,302,515,326,423,49,335,396,135,51,30
T>A,CTG,60,200,181,199,62,121,179,88,49,42
T>A,CTT,151,481,374,289,77,259,396,267,161,61
T>A,GTA,45,118,89,105,18,78,83,166,37,20
T>A,GTC,142,254,155,211,31,264,269,166,44,22
T>A,GTG,164,236,153,173,24,162,168,29,13,22
T>A,GTT,239,333,234,307,47,241,271,249,143,31
T>A,TTA,613,1062,795,793,131,805,670,1154,483,69
T>A,TTC,95,168,132,142,42,149,155,367,146,27
T>A,TTG,50,158,84,71,29,63,122,265,155,23
T>A,TTT,527,873,614,707,115,536,545,2196,1186,64
T>C,ATA,1882,2898,1774,2362,172,1538,2298,8440,1266,127
T>C,ATC,787,1072,640,1047,67,616,1066,3449,730,45
T>C,ATG,2106,2527,1701,2769,85,1387,2696,1506,473,56
T>C,ATT,639,1327,623,960,160,594,952,3298,1079,134
T>C,CTA,1298,1774,1074,1696,61,821,1345,877,195,33
T>C,CTC,966,1243,816,1271,61,718,1199,721,236,46
T>C,CTG,2359,2536,1926,3155,59,1510,2637,475,233,41
T>C,CTT,1295,2200,1325,1747,67,985,2007,639,257,61
T>C,GTA,1555,2658,1445,2232,96,1415,2142,16989,1980,52
T>C,GTC,680,1209,766,1059,49,1114,1411,13183,1711,41
T>C,GTG,1441,1949,1307,2091,55,1440,2106,4488,640,30
T>C,GTT,825,1498,823,1272,91,842,1246,12408,3117,65
T>C,TTA,1361,1775,1156,1647,80,1026,1215,6600,1391,56
T>C,TTC,1090,1541,958,1331,78,1127,1524,4477,1394,58
T>C,TTG,1368,1375,1089,1659,57,988,1193,1920,785,27
T>C,TTT,2006,2722,1450,1984,106,1502,1784,4299,2002,83
T>G,ATA,44,162,120,65,39,83,117,1129,696,19
T>G,ATC,85,202,84,135,10,107,252,1148,655,10
T>G,ATG,80,151,115,107,30,86,215,632,268,25
T>G,ATT,223,672,348,395,37,313,744,8291,5193,38
T>G,CTA,81,157,128,138,19,115,177,1295,551,12
T>G,CTC,350,657,390,483,19,412,671,590,228,15
T>G,CTG,468,638,403,542,29,478,763,1041,350,30
T>G,CTT,616,2127,1720,1309,67,1248,2353,6930,2437,39
T>G,GTA,20,68,56,61,16,50,66,855,189,12
T>G,GTC,42,205,101,129,3,139,407,1193,308,4
T>G,GTG,87,219,215,279,44,201,449,700,183,25
T>G,GTT,280,1046,622,787,28,864,2065,2789,841,28
T>G,TTA,42,170,133,77,63,117,126,6906,3639,23
T>G,TTC,54,137,91,116,21,104,169,5116,1429,18
T>G,TTG,210,278,192,239,42,198,263,1630,650,38
T>G,TTT,513,1245,882,824,113,759,1142,75301,31212,80
