Mutation type,Trinucleotide,Liver-HCC::SP97749,Liver-HCC::SP49235,Liver-HCC::SP50177,Liver-HCC::SP97775,Liver-HCC::SP97685,Liver-HCC::SP97747,Liver-HCC::SP97771,Liver-HCC::SP97681,Liver-HCC::SP98082,Liver-HCC::SP49334
C>A,ACA,190,186,194,937,215,218,426,269,188,163
C>A,ACC,103,91,78,509,125,138,251,158,152,125
C>A,ACG,15,19,36,76,26,35,68,43,16,21
C>A,ACT,99,102,96,605,162,137,298,172,120,103
C>A,CCA,128,139,170,842,166,174,320,257,137,99
C>A,CCC,95,110,116,681,129,140,303,202,162,106
C>A,CCG,30,18,32,82,16,37,66,65,35,26
C>A,CCT,113,107,106,580,121,127,277,181,102,81
C>A,GCA,108,161,135,644,134,150,190,189,134,100
C>A,GCC,85,72,90,446,114,139,138,143,91,86
C>A,GCG,22,18,32,90,20,39,50,49,26,28
C>A,GCT,91,80,53,477,83,102,136,130,81,61
C>A,TCA,162,171,138,699,198,205,352,242,170,136
C>A,TCC,169,143,139,619,172,190,386,262,199,144
C>A,TCG,33,16,37,60,18,37,61,42,34,32
C>A,TCT,185,213,152,703,204,206,323,250,171,153
C>G,ACA,53,58,43,205,62,48,124,81,48,65
C>G,ACC,37,43,29,91,44,29,56,40,53,28
C>G,ACG,8,10,8,18,9,8,14,9,8,7
C>G,ACT,65,65,44,175,91,62,112,84,71,53
C>G,CCA,35,37,37,163,45,43,84,58,44,42
C>G,CCC,51,45,39,100,47,41,76,59,32,41
C>G,CCG,15,5,10,29,7,12,19,23,9,11
C>G,CCT,55,60,47,178,70,73,121,81,64,60
C>G,GCA,13,26,22,110,25,32,36,36,22,20
C>G,GCC,34,15,28,96,39,33,65,36,35,20
C>G,GCG,2,3,9,15,7,10,11,6,7,7
C>G,GCT,31,28,22,127,40,41,46,54,36,40
C>G,TCA,67,66,41,192,99,57,116,72,73,58
C>G,TCC,63,80,40,154,70,62,106,75,71,58
C>G,TCG,12,9,12,18,3,13,20,15,9,13
C>G,TCT,115,136,82,402,241,134,191,155,164,131
C>T,ACA,153,161,159,386,142,153,611,229,197,141
C>T,ACC,125,100,96,238,64,105,405,106,78,72
C>T,ACG,86,103,120,199,102,118,151,143,127,106
C>T,ACT,99,103,119,302,115,105,523,166,131,120
C>T,CCA,157,164,212,335,147,171,937,257,167,155
C>T,CCC,111,153,161,271,101,159,596,191,158,131
C>T,CCG,96,93,106,140,58,72,184,94,98,82
C>T,CCT,173,185,346,419,175,197,1112,295,157,174
C>T,GCA,132,132,168,335,117,150,765,183,160,131
C>T,GCC,111,132,131,306,123,128,525,168,129,110
C>T,GCG,64,101,101,163,86,91,148,141,122,96
C>T,GCT,117,129,174,319,100,105,671,159,140,120
C>T,TCA,173,227,156,388,193,231,600,277,290,167
C>T,TCC,170,176,147,358,134,163,464,220,191,154
C>T,TCG,69,65,79,84,54,73,94,74,66,46
C>T,TCT,201,201,206,475,210,195,674,246,209,197
T>A,ATA,71,75,202,475,153,98,385,144,100,72
T>A,ATC,72,55,69,225,52,69,78,66,75,54
T>A,ATG,74,77,193,497,94,89,166,113,83,80
T>A,ATT,98,97,110,394,110,113,182,115,109,93
T>A,CTA,69,61,206,743,80,66,227,89,73,68
T>A,CTC,63,61,166,872,75,84,166,77,86,64
T>A,CTG,132,84,296,2150,101,93,212,137,126,100
T>A,CTT,102,79,161,425,96,91,195,101,83,113
T>A,GTA,39,34,98,281,35,44,91,80,28,32
T>A,GTC,24,30,56,264,25,47,54,55,34,31
T>A,GTG,81,36,98,557,60,64,121,73,63,52
T>A,GTT,41,47,56,230,40,56,102,60,41,40
T>A,TTA,65,92,175,562,104,78,394,124,99,81
T>A,TTC,51,51,107,342,65,61,162,72,56,46
T>A,TTG,64,37,173,674,63,56,158,78,47,51
T>A,TTT,100,105,166,475,106,103,260,136,124,82
T>C,ATA,298,261,445,1790,722,525,1151,555,282,267
T>C,ATC,66,75,128,250,94,69,144,105,65,87
T>C,ATG,205,193,284,1153,310,328,406,398,244,182
T>C,ATT,218,207,238,860,481,287,556,343,221,222
T>C,CTA,109,97,136,546,165,165,386,125,84,97
T>C,CTC,65,67,142,424,79,58,196,128,78,70
T>C,CTG,101,92,100,482,127,157,233,165,105,103
T>C,CTT,82,93,133,373,127,110,264,122,91,105
T>C,GTA,139,109,177,532,179,177,1216,188,125,96
T>C,GTC,66,56,98,214,40,62,177,94,59,65
T>C,GTG,77,81,128,356,112,107,332,156,102,91
T>C,GTT,118,151,211,344,133,138,776,177,138,138
T>C,TTA,177,168,218,960,242,182,1092,263,148,155
T>C,TTC,76,68,144,202,76,63,179,87,71,79
T>C,TTG,103,84,129,606,118,132,266,164,86,88
T>C,TTT,136,111,185,425,133,114,592,195,121,149
T>G,ATA,32,24,36,165,76,40,242,53,59,37
T>G,ATC,21,19,16,42,24,25,40,36,23,22
T>G,ATG,30,25,31,163,34,29,49,37,32,20
T>G,ATT,49,42,39,155,65,51,115,67,44,46
T>G,CTA,22,21,29,93,27,24,48,26,27,22
T>G,CTC,44,41,32,111,48,45,57,42,39,44
T>G,CTG,34,36,47,545,38,44,66,43,46,41
T>G,CTT,58,65,43,171,97,74,88,68,55,62
T>G,GTA,15,14,9,65,21,17,27,17,17,18
T>G,GTC,12,13,9,42,12,13,21,11,16,15
T>G,GTG,28,18,27,183,21,27,46,30,29,24
T>G,GTT,27,35,20,66,29,34,54,38,28,25
T>G,TTA,32,26,47,135,70,37,117,45,51,43
T>G,TTC,29,25,36,58,45,39,49,24,37,33
T>G,TTG,41,36,39,310,42,43,78,55,38,35
T>G,TTT,105,86,73,219,105,100,155,124,91,102
