Quad,Mutect.GRCh37.s2,Mutect.GRCh37
AACA,0,0
AACC,1,1
AACG,0,0
AACT,0,0
AATA,0,0
AATC,0,0
AATG,0,1
AATT,0,0
ACCA,0,0
ACCC,0,0
ACCG,0,0
ACCT,0,1
ACGA,0,0
ACGC,0,0
ACGG,0,1
ACGT,0,0
ACTA,1,2
ACTC,0,0
ACTG,1,4
ACTT,2,2
AGCA,2,2
AGCC,1,6
AGCG,0,0
AGCT,0,0
ATAA,0,0
ATAC,0,0
ATAG,0,1
ATAT,0,0
ATCA,1,2
ATCC,0,0
ATCG,0,0
ATCT,1,1
ATGA,0,0
ATGC,0,0
ATGG,0,3
ATGT,0,0
ATTA,0,0
ATTC,0,0
ATTG,0,0
ATTT,0,0
CACA,0,0
CACC,0,0
CACG,0,0
CACT,0,0
CATA,0,0
CATC,0,0
CATG,0,0
CCCA,0,0
CCCC,0,0
CCCG,0,0
CCCT,0,0
CCGA,0,0
CCGC,0,0
CCGG,0,0
CCTA,0,1
CCTC,0,0
CCTG,0,0
CCTT,0,1
CGCA,0,0
CGCC,1,1
CGCG,0,0
CTAA,0,0
CTAC,0,0
CTAG,0,0
CTCA,0,0
CTCC,0,1
CTCG,0,0
CTCT,1,1
CTGA,0,1
CTGC,0,0
CTGG,1,2
CTGT,0,0
CTTA,0,0
CTTC,0,0
CTTG,0,0
CTTT,0,0
GACA,0,0
GACC,0,0
GACG,0,0
GACT,0,0
GATA,0,0
GATC,0,0
GCCA,0,0
GCCC,1,2
GCCG,0,0
GCCT,0,4
GCGA,0,0
GCGC,0,0
GCTA,0,1
GCTC,0,0
GCTG,1,1
GCTT,0,0
GGCA,0,0
GGCC,0,0
GTAA,0,0
GTAC,0,0
GTCA,0,0
GTCC,0,0
GTCG,0,0
GTCT,2,4
GTGA,0,0
GTGC,0,0
GTGG,1,1
GTGT,0,0
GTTA,0,0
GTTC,0,0
GTTG,0,0
GTTT,0,0
TACA,0,0
TACC,0,0
TACG,0,0
TACT,0,0
TATA,0,0
TCCA,0,0
TCCC,0,0
TCCG,0,0
TCCT,0,0
TCGA,0,0
TCTA,0,0
TCTC,0,0
TCTG,1,2
TCTT,0,0
TGCA,0,0
TTAA,0,0
TTCA,0,0
TTCC,0,0
TTCG,0,0
TTCT,0,1
TTGA,1,1
TTGC,0,0
TTGG,0,0
TTGT,0,0
TTTA,0,0
TTTC,0,0
TTTG,0,0
TTTT,0,0
