Strand,Mutation type,Trinucleotide,Mutect.GRCh37.s2,Mutect.GRCh37
T,T>G,TTT,0,3
T,T>G,GTT,0,0
T,T>G,CTT,0,0
T,T>G,ATT,1,1
T,T>G,TTG,0,2
T,T>G,GTG,2,2
T,T>G,CTG,2,2
T,T>G,ATG,0,1
T,T>G,TTC,1,2
T,T>G,GTC,1,3
T,T>G,CTC,0,1
T,T>G,ATC,0,1
T,T>G,TTA,1,5
T,T>G,GTA,0,0
T,T>G,CTA,0,1
T,T>G,ATA,0,0
T,T>C,TTT,0,0
T,T>C,GTT,1,1
T,T>C,CTT,3,5
T,T>C,ATT,1,2
T,T>C,TTG,0,1
T,T>C,GTG,1,1
T,T>C,CTG,5,9
T,T>C,ATG,0,0
T,T>C,TTC,1,2
T,T>C,GTC,1,4
T,T>C,CTC,0,1
T,T>C,ATC,0,2
T,T>C,TTA,1,3
T,T>C,GTA,0,1
T,T>C,CTA,0,1
T,T>C,ATA,1,4
T,T>A,TTT,0,2
T,T>A,GTT,0,0
T,T>A,CTT,6,13
T,T>A,ATT,2,2
T,T>A,TTG,1,3
T,T>A,GTG,0,1
T,T>A,CTG,7,18
T,T>A,ATG,0,1
T,T>A,TTC,0,0
T,T>A,GTC,1,3
T,T>A,CTC,6,9
T,T>A,ATC,3,4
T,T>A,TTA,2,2
T,T>A,GTA,1,1
T,T>A,CTA,11,19
T,T>A,ATA,0,1
U,C>A,ACA,0,3
U,C>A,ACC,1,2
U,C>A,ACG,0,0
U,C>A,ACT,0,2
U,C>A,CCA,5,8
U,C>A,CCC,1,2
U,C>A,CCG,0,0
U,C>A,CCT,4,13
U,C>A,GCA,6,9
U,C>A,GCC,24,35
U,C>A,GCG,0,0
U,C>A,GCT,1,4
U,C>A,TCA,2,2
U,C>A,TCC,0,2
U,C>A,TCG,0,0
U,C>A,TCT,2,4
U,C>G,ACA,1,1
U,C>G,ACC,0,2
U,C>G,ACG,0,0
U,C>G,ACT,1,2
U,C>G,CCA,1,1
U,C>G,CCC,0,0
U,C>G,CCG,2,2
U,C>G,CCT,0,0
U,C>G,GCA,0,1
U,C>G,GCC,9,13
U,C>G,GCG,0,0
U,C>G,GCT,5,6
U,C>G,TCA,2,5
U,C>G,TCC,0,0
U,C>G,TCG,0,0
U,C>G,TCT,1,2
U,C>T,ACA,0,0
U,C>T,ACC,1,2
U,C>T,ACG,1,1
U,C>T,ACT,0,0
U,C>T,CCA,3,7
U,C>T,CCC,13,25
U,C>T,CCG,1,2
U,C>T,CCT,6,13
U,C>T,GCA,5,9
U,C>T,GCC,4,8
U,C>T,GCG,0,1
U,C>T,GCT,0,2
U,C>T,TCA,3,3
U,C>T,TCC,5,7
U,C>T,TCG,0,1
U,C>T,TCT,4,6
T,C>T,TCT,2,5
T,C>T,GCT,4,4
T,C>T,CCT,15,34
T,C>T,ACT,1,4
T,C>T,TCG,0,1
T,C>T,GCG,0,0
T,C>T,CCG,3,3
T,C>T,ACG,0,1
T,C>T,TCC,1,8
T,C>T,GCC,2,4
T,C>T,CCC,18,28
T,C>T,ACC,1,1
T,C>T,TCA,1,3
T,C>T,GCA,2,5
T,C>T,CCA,7,9
T,C>T,ACA,1,1
T,C>G,TCT,3,5
T,C>G,GCT,1,3
T,C>G,CCT,0,2
T,C>G,ACT,1,4
T,C>G,TCG,2,2
T,C>G,GCG,0,0
T,C>G,CCG,0,0
T,C>G,ACG,0,0
T,C>G,TCC,0,1
T,C>G,GCC,7,12
T,C>G,CCC,1,1
T,C>G,ACC,1,5
T,C>G,TCA,1,4
T,C>G,GCA,1,1
T,C>G,CCA,0,0
T,C>G,ACA,1,1
T,C>A,TCT,5,7
T,C>A,GCT,4,8
T,C>A,CCT,2,8
T,C>A,ACT,2,3
T,C>A,TCG,0,0
T,C>A,GCG,0,0
T,C>A,CCG,0,0
T,C>A,ACG,0,1
T,C>A,TCC,3,4
T,C>A,GCC,10,24
T,C>A,CCC,0,1
T,C>A,ACC,10,16
T,C>A,TCA,2,2
T,C>A,GCA,5,12
T,C>A,CCA,2,4
T,C>A,ACA,3,6
U,T>A,ATA,1,4
U,T>A,ATC,0,2
U,T>A,ATG,1,2
U,T>A,ATT,1,4
U,T>A,CTA,4,10
U,T>A,CTC,1,8
U,T>A,CTG,2,5
U,T>A,CTT,3,4
U,T>A,GTA,0,0
U,T>A,GTC,2,2
U,T>A,GTG,1,1
U,T>A,GTT,0,0
U,T>A,TTA,2,2
U,T>A,TTC,0,1
U,T>A,TTG,0,0
U,T>A,TTT,1,2
U,T>C,ATA,4,4
U,T>C,ATC,0,0
U,T>C,ATG,0,0
U,T>C,ATT,0,1
U,T>C,CTA,1,1
U,T>C,CTC,0,2
U,T>C,CTG,1,1
U,T>C,CTT,5,7
U,T>C,GTA,1,1
U,T>C,GTC,2,4
U,T>C,GTG,1,2
U,T>C,GTT,1,1
U,T>C,TTA,0,0
U,T>C,TTC,1,1
U,T>C,TTG,0,0
U,T>C,TTT,1,2
U,T>G,ATA,1,3
U,T>G,ATC,0,0
U,T>G,ATG,2,4
U,T>G,ATT,1,1
U,T>G,CTA,0,0
U,T>G,CTC,0,0
U,T>G,CTG,0,3
U,T>G,CTT,2,4
U,T>G,GTA,0,0
U,T>G,GTC,1,3
U,T>G,GTG,0,1
U,T>G,GTT,0,1
U,T>G,TTA,0,0
U,T>G,TTC,0,0
U,T>G,TTG,0,1
U,T>G,TTT,0,0
