Mutation type,Pentanucleotide,Mutect.GRCh37.s2,Mutect.GRCh37
C>A,AACAA,0,3
C>A,AACAC,2,4
C>A,AACAG,1,2
C>A,AACAT,0,0
C>A,AACCA,2,3
C>A,AACCC,4,11
C>A,AACCG,1,2
C>A,AACCT,5,15
C>A,AACGA,0,0
C>A,AACGC,0,0
C>A,AACGG,0,0
C>A,AACGT,0,0
C>A,AACTA,2,3
C>A,AACTC,1,1
C>A,AACTG,2,2
C>A,AACTT,1,2
C>A,ACCAA,1,2
C>A,ACCAC,1,2
C>A,ACCAG,1,1
C>A,ACCAT,2,2
C>A,ACCCA,1,2
C>A,ACCCC,2,2
C>A,ACCCG,0,1
C>A,ACCCT,0,0
C>A,ACCGA,0,0
C>A,ACCGC,0,0
C>A,ACCGG,0,0
C>A,ACCGT,0,0
C>A,ACCTA,1,2
C>A,ACCTC,3,5
C>A,ACCTG,1,3
C>A,ACCTT,1,3
C>A,AGCAA,5,8
C>A,AGCAC,4,6
C>A,AGCAG,3,8
C>A,AGCAT,2,7
C>A,AGCCA,9,18
C>A,AGCCC,3,8
C>A,AGCCG,1,3
C>A,AGCCT,15,29
C>A,AGCGA,0,0
C>A,AGCGC,0,0
C>A,AGCGG,0,0
C>A,AGCGT,0,0
C>A,AGCTA,0,1
C>A,AGCTC,0,1
C>A,AGCTG,0,1
C>A,AGCTT,1,3
C>A,ATCAA,1,2
C>A,ATCAC,0,0
C>A,ATCAG,1,2
C>A,ATCAT,0,1
C>A,ATCCA,0,0
C>A,ATCCC,0,0
C>A,ATCCG,0,0
C>A,ATCCT,0,1
C>A,ATCGA,0,0
C>A,ATCGC,0,0
C>A,ATCGG,0,0
C>A,ATCGT,1,1
C>A,ATCTA,2,5
C>A,ATCTC,1,3
C>A,ATCTG,0,0
C>A,ATCTT,2,4
C>A,CACAA,0,0
C>A,CACAC,0,0
C>A,CACAG,1,2
C>A,CACAT,2,2
C>A,CACCA,1,1
C>A,CACCC,3,6
C>A,CACCG,0,0
C>A,CACCT,4,5
C>A,CACGA,0,0
C>A,CACGC,0,0
C>A,CACGG,0,0
C>A,CACGT,0,0
C>A,CACTA,0,0
C>A,CACTC,1,1
C>A,CACTG,0,1
C>A,CACTT,0,1
C>A,CCCAA,1,3
C>A,CCCAC,0,0
C>A,CCCAG,4,5
C>A,CCCAT,0,1
C>A,CCCCA,0,1
C>A,CCCCC,0,0
C>A,CCCCG,0,0
C>A,CCCCT,0,0
C>A,CCCGA,0,0
C>A,CCCGC,0,0
C>A,CCCGG,0,0
C>A,CCCGT,1,1
C>A,CCCTA,0,3
C>A,CCCTC,1,2
C>A,CCCTG,0,0
C>A,CCCTT,3,5
C>A,CGCAA,0,0
C>A,CGCAC,0,1
C>A,CGCAG,0,0
C>A,CGCAT,0,0
C>A,CGCCA,1,2
C>A,CGCCC,1,1
C>A,CGCCG,0,0
C>A,CGCCT,2,4
C>A,CGCGA,0,0
C>A,CGCGC,0,0
C>A,CGCGG,0,0
C>A,CGCGT,0,0
C>A,CGCTA,0,0
C>A,CGCTC,0,0
C>A,CGCTG,0,1
C>A,CGCTT,0,1
C>A,CTCAA,0,1
C>A,CTCAC,0,1
C>A,CTCAG,1,1
C>A,CTCAT,1,1
C>A,CTCCA,0,0
C>A,CTCCC,1,1
C>A,CTCCG,0,0
C>A,CTCCT,1,5
C>A,CTCGA,0,0
C>A,CTCGC,1,1
C>A,CTCGG,0,0
C>A,CTCGT,0,0
C>A,CTCTA,1,1
C>A,CTCTC,0,0
C>A,CTCTG,0,1
C>A,CTCTT,0,1
C>A,GACAA,0,0
C>A,GACAC,0,1
C>A,GACAG,0,1
C>A,GACAT,0,0
C>A,GACCA,0,0
C>A,GACCC,1,2
C>A,GACCG,0,0
C>A,GACCT,3,6
C>A,GACGA,0,0
C>A,GACGC,0,0
C>A,GACGG,0,0
C>A,GACGT,0,0
C>A,GACTA,0,1
C>A,GACTC,0,0
C>A,GACTG,0,1
C>A,GACTT,1,1
C>A,GCCAA,0,1
C>A,GCCAC,0,0
C>A,GCCAG,0,0
C>A,GCCAT,0,1
C>A,GCCCA,0,0
C>A,GCCCC,0,1
C>A,GCCCG,1,1
C>A,GCCCT,0,0
C>A,GCCGA,0,1
C>A,GCCGC,0,0
C>A,GCCGG,0,0
C>A,GCCGT,0,0
C>A,GCCTA,0,2
C>A,GCCTC,2,2
C>A,GCCTG,1,1
C>A,GCCTT,0,3
C>A,GGCAA,3,8
C>A,GGCAC,1,1
C>A,GGCAG,1,5
C>A,GGCAT,2,2
C>A,GGCCA,0,0
C>A,GGCCC,0,2
C>A,GGCCG,0,0
C>A,GGCCT,3,6
C>A,GGCGA,0,0
C>A,GGCGC,0,0
C>A,GGCGG,0,0
C>A,GGCGT,0,0
C>A,GGCTA,0,1
C>A,GGCTC,0,0
C>A,GGCTG,3,4
C>A,GGCTT,0,0
C>A,GTCAA,0,0
C>A,GTCAC,0,0
C>A,GTCAG,0,0
C>A,GTCAT,1,1
C>A,GTCCA,0,0
C>A,GTCCC,1,1
C>A,GTCCG,0,0
C>A,GTCCT,1,2
C>A,GTCGA,0,0
C>A,GTCGC,0,0
C>A,GTCGG,0,0
C>A,GTCGT,0,0
C>A,GTCTA,0,1
C>A,GTCTC,2,2
C>A,GTCTG,2,3
C>A,GTCTT,1,1
C>A,TACAA,2,2
C>A,TACAC,0,0
C>A,TACAG,1,1
C>A,TACAT,0,1
C>A,TACCA,0,0
C>A,TACCC,0,2
C>A,TACCG,0,0
C>A,TACCT,0,0
C>A,TACGA,0,0
C>A,TACGC,0,1
C>A,TACGG,0,0
C>A,TACGT,0,0
C>A,TACTA,0,0
C>A,TACTC,1,2
C>A,TACTG,1,1
C>A,TACTT,0,0
C>A,TCCAA,3,3
C>A,TCCAC,1,2
C>A,TCCAG,0,3
C>A,TCCAT,1,2
C>A,TCCCA,1,1
C>A,TCCCC,0,0
C>A,TCCCG,1,1
C>A,TCCCT,0,2
C>A,TCCGA,0,0
C>A,TCCGC,0,0
C>A,TCCGG,0,0
C>A,TCCGT,0,0
C>A,TCCTA,2,5
C>A,TCCTC,0,3
C>A,TCCTG,2,3
C>A,TCCTT,1,4
C>A,TGCAA,2,3
C>A,TGCAC,0,0
C>A,TGCAG,4,7
C>A,TGCAT,1,1
C>A,TGCCA,3,6
C>A,TGCCC,5,13
C>A,TGCCG,0,0
C>A,TGCCT,11,20
C>A,TGCGA,0,0
C>A,TGCGC,0,0
C>A,TGCGG,0,0
C>A,TGCGT,0,0
C>A,TGCTA,1,5
C>A,TGCTC,0,0
C>A,TGCTG,1,1
C>A,TGCTT,2,2
C>A,TTCAA,1,2
C>A,TTCAC,0,1
C>A,TTCAG,1,1
C>A,TTCAT,3,3
C>A,TTCCA,0,0
C>A,TTCCC,1,2
C>A,TTCCG,0,0
C>A,TTCCT,3,4
C>A,TTCGA,0,0
C>A,TTCGC,0,0
C>A,TTCGG,0,0
C>A,TTCGT,0,0
C>A,TTCTA,1,1
C>A,TTCTC,0,2
C>A,TTCTG,1,1
C>A,TTCTT,4,7
C>G,AACAA,1,1
C>G,AACAC,0,1
C>G,AACAG,0,0
C>G,AACAT,2,2
C>G,AACCA,0,1
C>G,AACCC,0,1
C>G,AACCG,0,0
C>G,AACCT,0,0
C>G,AACGA,0,0
C>G,AACGC,0,0
C>G,AACGG,0,0
C>G,AACGT,0,0
C>G,AACTA,1,1
C>G,AACTC,0,1
C>G,AACTG,1,1
C>G,AACTT,1,1
C>G,ACCAA,0,0
C>G,ACCAC,0,0
C>G,ACCAG,0,0
C>G,ACCAT,0,0
C>G,ACCCA,0,0
C>G,ACCCC,0,1
C>G,ACCCG,0,0
C>G,ACCCT,0,1
C>G,ACCGA,1,1
C>G,ACCGC,0,0
C>G,ACCGG,0,0
C>G,ACCGT,1,1
C>G,ACCTA,0,1
C>G,ACCTC,0,0
C>G,ACCTG,1,1
C>G,ACCTT,0,1
C>G,AGCAA,0,0
C>G,AGCAC,0,0
C>G,AGCAG,1,2
C>G,AGCAT,1,2
C>G,AGCCA,9,12
C>G,AGCCC,4,9
C>G,AGCCG,1,2
C>G,AGCCT,7,13
C>G,AGCGA,0,0
C>G,AGCGC,0,0
C>G,AGCGG,0,0
C>G,AGCGT,0,0
C>G,AGCTA,0,3
C>G,AGCTC,2,3
C>G,AGCTG,1,5
C>G,AGCTT,1,2
C>G,ATCAA,0,1
C>G,ATCAC,0,0
C>G,ATCAG,0,0
C>G,ATCAT,1,1
C>G,ATCCA,0,1
C>G,ATCCC,0,0
C>G,ATCCG,0,0
C>G,ATCCT,0,0
C>G,ATCGA,0,0
C>G,ATCGC,0,0
C>G,ATCGG,0,0
C>G,ATCGT,0,0
C>G,ATCTA,0,1
C>G,ATCTC,0,0
C>G,ATCTG,5,9
C>G,ATCTT,0,0
C>G,CACAA,1,3
C>G,CACAC,0,0
C>G,CACAG,1,1
C>G,CACAT,0,0
C>G,CACCA,0,1
C>G,CACCC,1,1
C>G,CACCG,0,0
C>G,CACCT,0,2
C>G,CACGA,0,0
C>G,CACGC,0,0
C>G,CACGG,0,0
C>G,CACGT,0,0
C>G,CACTA,0,1
C>G,CACTC,0,1
C>G,CACTG,0,0
C>G,CACTT,1,2
C>G,CCCAA,0,0
C>G,CCCAC,0,0
C>G,CCCAG,1,1
C>G,CCCAT,1,1
C>G,CCCCA,0,0
C>G,CCCCC,0,0
C>G,CCCCG,0,0
C>G,CCCCT,0,0
C>G,CCCGA,0,0
C>G,CCCGC,0,0
C>G,CCCGG,0,0
C>G,CCCGT,0,0
C>G,CCCTA,0,0
C>G,CCCTC,0,1
C>G,CCCTG,0,0
C>G,CCCTT,0,1
C>G,CGCAA,0,0
C>G,CGCAC,0,0
C>G,CGCAG,0,0
C>G,CGCAT,0,0
C>G,CGCCA,0,0
C>G,CGCCC,0,0
C>G,CGCCG,0,0
C>G,CGCCT,0,1
C>G,CGCGA,0,0
C>G,CGCGC,0,0
C>G,CGCGG,0,0
C>G,CGCGT,0,0
C>G,CGCTA,0,0
C>G,CGCTC,0,0
C>G,CGCTG,0,0
C>G,CGCTT,1,1
C>G,CTCAA,1,3
C>G,CTCAC,0,2
C>G,CTCAG,4,5
C>G,CTCAT,1,1
C>G,CTCCA,0,0
C>G,CTCCC,0,0
C>G,CTCCG,0,0
C>G,CTCCT,0,1
C>G,CTCGA,1,1
C>G,CTCGC,0,0
C>G,CTCGG,0,0
C>G,CTCGT,0,0
C>G,CTCTA,0,1
C>G,CTCTC,0,1
C>G,CTCTG,1,2
C>G,CTCTT,2,2
C>G,GACAA,0,0
C>G,GACAC,0,0
C>G,GACAG,0,0
C>G,GACAT,0,0
C>G,GACCA,0,0
C>G,GACCC,0,0
C>G,GACCG,0,0
C>G,GACCT,0,0
C>G,GACGA,0,0
C>G,GACGC,0,0
C>G,GACGG,0,0
C>G,GACGT,0,0
C>G,GACTA,0,0
C>G,GACTC,0,1
C>G,GACTG,0,0
C>G,GACTT,0,0
C>G,GCCAA,0,0
C>G,GCCAC,0,0
C>G,GCCAG,1,1
C>G,GCCAT,0,0
C>G,GCCCA,0,1
C>G,GCCCC,0,0
C>G,GCCCG,0,0
C>G,GCCCT,1,1
C>G,GCCGA,0,0
C>G,GCCGC,0,0
C>G,GCCGG,0,0
C>G,GCCGT,0,0
C>G,GCCTA,0,1
C>G,GCCTC,0,0
C>G,GCCTG,0,0
C>G,GCCTT,0,0
C>G,GGCAA,0,0
C>G,GGCAC,0,0
C>G,GGCAG,0,0
C>G,GGCAT,0,0
C>G,GGCCA,1,4
C>G,GGCCC,0,0
C>G,GGCCG,0,0
C>G,GGCCT,3,6
C>G,GGCGA,0,0
C>G,GGCGC,0,0
C>G,GGCGG,1,1
C>G,GGCGT,0,0
C>G,GGCTA,0,0
C>G,GGCTC,0,1
C>G,GGCTG,1,2
C>G,GGCTT,2,3
C>G,GTCAA,0,0
C>G,GTCAC,0,0
C>G,GTCAG,0,0
C>G,GTCAT,0,0
C>G,GTCCA,0,1
C>G,GTCCC,1,1
C>G,GTCCG,0,0
C>G,GTCCT,0,0
C>G,GTCGA,0,0
C>G,GTCGC,0,0
C>G,GTCGG,1,1
C>G,GTCGT,0,0
C>G,GTCTA,1,1
C>G,GTCTC,0,0
C>G,GTCTG,1,1
C>G,GTCTT,1,1
C>G,TACAA,0,0
C>G,TACAC,0,0
C>G,TACAG,0,0
C>G,TACAT,0,0
C>G,TACCA,0,2
C>G,TACCC,0,0
C>G,TACCG,0,0
C>G,TACCT,0,0
C>G,TACGA,0,0
C>G,TACGC,0,0
C>G,TACGG,0,0
C>G,TACGT,0,0
C>G,TACTA,0,0
C>G,TACTC,0,0
C>G,TACTG,0,1
C>G,TACTT,0,1
C>G,TCCAA,0,0
C>G,TCCAC,1,1
C>G,TCCAG,0,0
C>G,TCCAT,0,1
C>G,TCCCA,0,2
C>G,TCCCC,0,1
C>G,TCCCG,0,0
C>G,TCCCT,1,1
C>G,TCCGA,0,0
C>G,TCCGC,0,0
C>G,TCCGG,0,0
C>G,TCCGT,0,0
C>G,TCCTA,0,0
C>G,TCCTC,0,0
C>G,TCCTG,1,1
C>G,TCCTT,0,1
C>G,TGCAA,0,0
C>G,TGCAC,0,0
C>G,TGCAG,0,1
C>G,TGCAT,0,0
C>G,TGCCA,3,4
C>G,TGCCC,0,1
C>G,TGCCG,0,0
C>G,TGCCT,1,4
C>G,TGCGA,0,0
C>G,TGCGC,0,0
C>G,TGCGG,0,0
C>G,TGCGT,0,0
C>G,TGCTA,0,0
C>G,TGCTC,1,1
C>G,TGCTG,0,0
C>G,TGCTT,0,0
C>G,TTCAA,1,2
C>G,TTCAC,0,1
C>G,TTCAG,0,0
C>G,TTCAT,0,0
C>G,TTCCA,0,0
C>G,TTCCC,0,0
C>G,TTCCG,0,0
C>G,TTCCT,0,0
C>G,TTCGA,0,0
C>G,TTCGC,0,0
C>G,TTCGG,0,0
C>G,TTCGT,0,0
C>G,TTCTA,0,1
C>G,TTCTC,0,0
C>G,TTCTG,2,6
C>G,TTCTT,3,6
C>T,AACAA,2,3
C>T,AACAC,0,0
C>T,AACAG,1,1
C>T,AACAT,0,2
C>T,AACCA,0,0
C>T,AACCC,0,1
C>T,AACCG,0,0
C>T,AACCT,0,0
C>T,AACGA,0,0
C>T,AACGC,0,0
C>T,AACGG,0,0
C>T,AACGT,0,0
C>T,AACTA,0,0
C>T,AACTC,0,0
C>T,AACTG,0,2
C>T,AACTT,0,1
C>T,ACCAA,0,0
C>T,ACCAC,0,0
C>T,ACCAG,0,0
C>T,ACCAT,1,2
C>T,ACCCA,2,4
C>T,ACCCC,0,1
C>T,ACCCG,1,1
C>T,ACCCT,1,2
C>T,ACCGA,0,0
C>T,ACCGC,0,0
C>T,ACCGG,0,0
C>T,ACCGT,1,1
C>T,ACCTA,1,4
C>T,ACCTC,2,3
C>T,ACCTG,0,1
C>T,ACCTT,6,8
C>T,AGCAA,2,5
C>T,AGCAC,0,1
C>T,AGCAG,2,6
C>T,AGCAT,0,3
C>T,AGCCA,4,7
C>T,AGCCC,0,1
C>T,AGCCG,0,0
C>T,AGCCT,6,8
C>T,AGCGA,0,1
C>T,AGCGC,0,0
C>T,AGCGG,0,0
C>T,AGCGT,0,0
C>T,AGCTA,1,1
C>T,AGCTC,0,0
C>T,AGCTG,0,0
C>T,AGCTT,1,4
C>T,ATCAA,0,0
C>T,ATCAC,0,1
C>T,ATCAG,1,4
C>T,ATCAT,1,1
C>T,ATCCA,0,1
C>T,ATCCC,0,1
C>T,ATCCG,0,0
C>T,ATCCT,1,1
C>T,ATCGA,0,0
C>T,ATCGC,0,0
C>T,ATCGG,0,0
C>T,ATCGT,0,0
C>T,ATCTA,0,0
C>T,ATCTC,0,0
C>T,ATCTG,0,0
C>T,ATCTT,0,1
C>T,CACAA,0,0
C>T,CACAC,0,0
C>T,CACAG,0,0
C>T,CACAT,0,1
C>T,CACCA,0,0
C>T,CACCC,1,1
C>T,CACCG,1,1
C>T,CACCT,0,0
C>T,CACGA,0,0
C>T,CACGC,1,2
C>T,CACGG,0,0
C>T,CACGT,0,0
C>T,CACTA,1,1
C>T,CACTC,1,1
C>T,CACTG,0,0
C>T,CACTT,1,2
C>T,CCCAA,1,3
C>T,CCCAC,3,4
C>T,CCCAG,1,3
C>T,CCCAT,3,4
C>T,CCCCA,11,16
C>T,CCCCC,0,0
C>T,CCCCG,1,1
C>T,CCCCT,6,11
C>T,CCCGA,1,1
C>T,CCCGC,0,3
C>T,CCCGG,1,1
C>T,CCCGT,1,2
C>T,CCCTA,1,1
C>T,CCCTC,3,7
C>T,CCCTG,1,4
C>T,CCCTT,4,9
C>T,CGCAA,0,0
C>T,CGCAC,2,2
C>T,CGCAG,0,0
C>T,CGCAT,0,0
C>T,CGCCA,0,0
C>T,CGCCC,0,2
C>T,CGCCG,0,0
C>T,CGCCT,1,2
C>T,CGCGA,0,0
C>T,CGCGC,0,0
C>T,CGCGG,0,0
C>T,CGCGT,0,0
C>T,CGCTA,0,0
C>T,CGCTC,0,0
C>T,CGCTG,0,0
C>T,CGCTT,1,1
C>T,CTCAA,0,0
C>T,CTCAC,1,1
C>T,CTCAG,2,3
C>T,CTCAT,0,0
C>T,CTCCA,1,1
C>T,CTCCC,1,2
C>T,CTCCG,1,1
C>T,CTCCT,2,5
C>T,CTCGA,0,1
C>T,CTCGC,0,0
C>T,CTCGG,0,0
C>T,CTCGT,0,0
C>T,CTCTA,1,1
C>T,CTCTC,2,6
C>T,CTCTG,2,3
C>T,CTCTT,1,4
C>T,GACAA,0,0
C>T,GACAC,0,0
C>T,GACAG,0,0
C>T,GACAT,1,1
C>T,GACCA,0,0
C>T,GACCC,0,0
C>T,GACCG,0,0
C>T,GACCT,0,0
C>T,GACGA,0,1
C>T,GACGC,0,0
C>T,GACGG,0,0
C>T,GACGT,0,1
C>T,GACTA,0,0
C>T,GACTC,0,0
C>T,GACTG,0,0
C>T,GACTT,0,2
C>T,GCCAA,0,0
C>T,GCCAC,1,1
C>T,GCCAG,0,0
C>T,GCCAT,1,1
C>T,GCCCA,0,0
C>T,GCCCC,1,1
C>T,GCCCG,0,0
C>T,GCCCT,0,0
C>T,GCCGA,0,0
C>T,GCCGC,0,0
C>T,GCCGG,1,1
C>T,GCCGT,0,0
C>T,GCCTA,1,1
C>T,GCCTC,0,1
C>T,GCCTG,0,0
C>T,GCCTT,0,1
C>T,GGCAA,0,0
C>T,GGCAC,2,2
C>T,GGCAG,0,0
C>T,GGCAT,0,0
C>T,GGCCA,1,2
C>T,GGCCC,0,1
C>T,GGCCG,0,0
C>T,GGCCT,1,2
C>T,GGCGA,0,0
C>T,GGCGC,0,0
C>T,GGCGG,0,1
C>T,GGCGT,0,0
C>T,GGCTA,0,0
C>T,GGCTC,2,2
C>T,GGCTG,3,3
C>T,GGCTT,0,0
C>T,GTCAA,0,0
C>T,GTCAC,1,2
C>T,GTCAG,0,0
C>T,GTCAT,0,0
C>T,GTCCA,0,1
C>T,GTCCC,0,2
C>T,GTCCG,0,0
C>T,GTCCT,0,4
C>T,GTCGA,0,0
C>T,GTCGC,0,0
C>T,GTCGG,0,1
C>T,GTCGT,0,0
C>T,GTCTA,0,2
C>T,GTCTC,0,0
C>T,GTCTG,0,1
C>T,GTCTT,1,3
C>T,TACAA,0,1
C>T,TACAC,0,0
C>T,TACAG,0,0
C>T,TACAT,0,0
C>T,TACCA,0,0
C>T,TACCC,0,0
C>T,TACCG,0,0
C>T,TACCT,0,0
C>T,TACGA,0,0
C>T,TACGC,0,0
C>T,TACGG,0,1
C>T,TACGT,0,0
C>T,TACTA,1,1
C>T,TACTC,0,0
C>T,TACTG,0,0
C>T,TACTT,0,0
C>T,TCCAA,1,2
C>T,TCCAC,1,3
C>T,TCCAG,3,8
C>T,TCCAT,4,8
C>T,TCCCA,11,26
C>T,TCCCC,13,24
C>T,TCCCG,0,0
C>T,TCCCT,9,22
C>T,TCCGA,1,1
C>T,TCCGC,0,0
C>T,TCCGG,1,2
C>T,TCCGT,1,1
C>T,TCCTA,11,20
C>T,TCCTC,10,19
C>T,TCCTG,3,11
C>T,TCCTT,11,23
C>T,TGCAA,0,1
C>T,TGCAC,1,3
C>T,TGCAG,2,2
C>T,TGCAT,5,8
C>T,TGCCA,3,3
C>T,TGCCC,0,1
C>T,TGCCG,0,1
C>T,TGCCT,3,6
C>T,TGCGA,1,2
C>T,TGCGC,0,0
C>T,TGCGG,0,0
C>T,TGCGT,0,0
C>T,TGCTA,1,4
C>T,TGCTC,1,2
C>T,TGCTG,0,0
C>T,TGCTT,4,6
C>T,TTCAA,2,2
C>T,TTCAC,1,3
C>T,TTCAG,1,2
C>T,TTCAT,1,2
C>T,TTCCA,1,3
C>T,TTCCC,3,6
C>T,TTCCG,0,1
C>T,TTCCT,1,3
C>T,TTCGA,0,0
C>T,TTCGC,0,0
C>T,TTCGG,0,1
C>T,TTCGT,0,0
C>T,TTCTA,1,2
C>T,TTCTC,2,3
C>T,TTCTG,1,2
C>T,TTCTT,1,4
T>A,AATAA,1,1
T>A,AATAC,0,2
T>A,AATAG,1,1
T>A,AATAT,0,0
T>A,AATCA,0,0
T>A,AATCC,2,2
T>A,AATCG,0,0
T>A,AATCT,0,7
T>A,AATGA,0,0
T>A,AATGC,0,0
T>A,AATGG,0,0
T>A,AATGT,0,1
T>A,AATTA,1,2
T>A,AATTC,1,1
T>A,AATTG,3,4
T>A,AATTT,0,1
T>A,ACTAA,4,10
T>A,ACTAC,5,6
T>A,ACTAG,4,14
T>A,ACTAT,6,12
T>A,ACTCA,4,11
T>A,ACTCC,0,2
T>A,ACTCG,1,1
T>A,ACTCT,2,8
T>A,ACTGA,3,12
T>A,ACTGC,2,7
T>A,ACTGG,6,9
T>A,ACTGT,7,11
T>A,ACTTA,5,9
T>A,ACTTC,3,4
T>A,ACTTG,6,11
T>A,ACTTT,2,3
T>A,AGTAA,0,1
T>A,AGTAC,0,1
T>A,AGTAG,0,0
T>A,AGTAT,0,0
T>A,AGTCA,0,0
T>A,AGTCC,0,1
T>A,AGTCG,0,0
T>A,AGTCT,1,2
T>A,AGTGA,0,0
T>A,AGTGC,0,0
T>A,AGTGG,1,1
T>A,AGTGT,0,0
T>A,AGTTA,0,0
T>A,AGTTC,0,1
T>A,AGTTG,0,1
T>A,AGTTT,1,1
T>A,ATTAA,1,1
T>A,ATTAC,0,0
T>A,ATTAG,0,0
T>A,ATTAT,0,0
T>A,ATTCA,0,0
T>A,ATTCC,0,0
T>A,ATTCG,0,0
T>A,ATTCT,0,1
T>A,ATTGA,0,0
T>A,ATTGC,0,0
T>A,ATTGG,0,0
T>A,ATTGT,0,1
T>A,ATTTA,0,0
T>A,ATTTC,0,0
T>A,ATTTG,0,0
T>A,ATTTT,0,2
T>A,CATAA,0,1
T>A,CATAC,0,0
T>A,CATAG,0,0
T>A,CATAT,0,0
T>A,CATCA,0,0
T>A,CATCC,0,1
T>A,CATCG,0,0
T>A,CATCT,0,0
T>A,CATGA,0,0
T>A,CATGC,0,1
T>A,CATGG,0,0
T>A,CATGT,0,1
T>A,CATTA,1,1
T>A,CATTC,0,0
T>A,CATTG,1,1
T>A,CATTT,0,0
T>A,CCTAA,0,4
T>A,CCTAC,0,1
T>A,CCTAG,2,2
T>A,CCTAT,1,2
T>A,CCTCA,1,6
T>A,CCTCC,2,8
T>A,CCTCG,0,0
T>A,CCTCT,2,4
T>A,CCTGA,1,1
T>A,CCTGC,2,4
T>A,CCTGG,1,2
T>A,CCTGT,1,4
T>A,CCTTA,2,4
T>A,CCTTC,0,0
T>A,CCTTG,1,2
T>A,CCTTT,1,2
T>A,CGTAA,0,0
T>A,CGTAC,0,0
T>A,CGTAG,0,0
T>A,CGTAT,0,0
T>A,CGTCA,0,0
T>A,CGTCC,0,0
T>A,CGTCG,0,0
T>A,CGTCT,0,0
T>A,CGTGA,0,0
T>A,CGTGC,0,1
T>A,CGTGG,0,0
T>A,CGTGT,0,0
T>A,CGTTA,0,0
T>A,CGTTC,0,0
T>A,CGTTG,0,0
T>A,CGTTT,0,0
T>A,CTTAA,0,0
T>A,CTTAC,0,0
T>A,CTTAG,0,0
T>A,CTTAT,1,1
T>A,CTTCA,0,0
T>A,CTTCC,0,0
T>A,CTTCG,0,0
T>A,CTTCT,0,0
T>A,CTTGA,0,1
T>A,CTTGC,0,0
T>A,CTTGG,0,0
T>A,CTTGT,0,2
T>A,CTTTA,0,0
T>A,CTTTC,0,0
T>A,CTTTG,0,3
T>A,CTTTT,0,0
T>A,GATAA,0,0
T>A,GATAC,0,0
T>A,GATAG,0,0
T>A,GATAT,0,1
T>A,GATCA,0,0
T>A,GATCC,0,0
T>A,GATCG,0,0
T>A,GATCT,0,0
T>A,GATGA,0,0
T>A,GATGC,0,0
T>A,GATGG,1,1
T>A,GATGT,1,1
T>A,GATTA,0,0
T>A,GATTC,0,1
T>A,GATTG,0,0
T>A,GATTT,0,0
T>A,GCTAA,2,3
T>A,GCTAC,0,0
T>A,GCTAG,0,0
T>A,GCTAT,0,0
T>A,GCTCA,1,1
T>A,GCTCC,1,1
T>A,GCTCG,0,0
T>A,GCTCT,0,1
T>A,GCTGA,0,3
T>A,GCTGC,0,0
T>A,GCTGG,0,1
T>A,GCTGT,0,1
T>A,GCTTA,1,1
T>A,GCTTC,0,0
T>A,GCTTG,1,1
T>A,GCTTT,0,1
T>A,GGTAA,0,0
T>A,GGTAC,0,0
T>A,GGTAG,0,0
T>A,GGTAT,0,0
T>A,GGTCA,0,0
T>A,GGTCC,0,0
T>A,GGTCG,0,0
T>A,GGTCT,0,0
T>A,GGTGA,1,1
T>A,GGTGC,0,0
T>A,GGTGG,0,0
T>A,GGTGT,0,0
T>A,GGTTA,0,0
T>A,GGTTC,0,0
T>A,GGTTG,0,0
T>A,GGTTT,0,0
T>A,GTTAA,1,1
T>A,GTTAC,0,1
T>A,GTTAG,0,0
T>A,GTTAT,1,1
T>A,GTTCA,0,0
T>A,GTTCC,0,0
T>A,GTTCG,0,0
T>A,GTTCT,0,0
T>A,GTTGA,0,0
T>A,GTTGC,0,0
T>A,GTTGG,0,1
T>A,GTTGT,0,0
T>A,GTTTA,0,0
T>A,GTTTC,1,1
T>A,GTTTG,0,0
T>A,GTTTT,0,1
T>A,TATAA,0,1
T>A,TATAC,0,0
T>A,TATAG,1,2
T>A,TATAT,0,0
T>A,TATCA,0,0
T>A,TATCC,1,1
T>A,TATCG,0,0
T>A,TATCT,1,2
T>A,TATGA,1,2
T>A,TATGC,0,0
T>A,TATGG,0,0
T>A,TATGT,1,1
T>A,TATTA,0,0
T>A,TATTC,0,0
T>A,TATTG,0,1
T>A,TATTT,1,2
T>A,TCTAA,1,1
T>A,TCTAC,1,1
T>A,TCTAG,0,0
T>A,TCTAT,1,3
T>A,TCTCA,0,2
T>A,TCTCC,1,3
T>A,TCTCG,0,0
T>A,TCTCT,2,4
T>A,TCTGA,0,1
T>A,TCTGC,0,3
T>A,TCTGG,1,2
T>A,TCTGT,1,2
T>A,TCTTA,2,3
T>A,TCTTC,0,2
T>A,TCTTG,1,4
T>A,TCTTT,1,2
T>A,TGTAA,2,2
T>A,TGTAC,0,0
T>A,TGTAG,0,0
T>A,TGTAT,0,0
T>A,TGTCA,0,0
T>A,TGTCC,0,0
T>A,TGTCG,0,0
T>A,TGTCT,2,3
T>A,TGTGA,0,0
T>A,TGTGC,0,0
T>A,TGTGG,0,0
T>A,TGTGT,0,0
T>A,TGTTA,0,0
T>A,TGTTC,0,0
T>A,TGTTG,1,1
T>A,TGTTT,0,2
T>A,TTTAA,0,0
T>A,TTTAC,0,1
T>A,TTTAG,1,2
T>A,TTTAT,2,2
T>A,TTTCA,0,0
T>A,TTTCC,0,0
T>A,TTTCG,0,0
T>A,TTTCT,0,1
T>A,TTTGA,0,0
T>A,TTTGC,2,2
T>A,TTTGG,1,1
T>A,TTTGT,0,0
T>A,TTTTA,0,0
T>A,TTTTC,0,0
T>A,TTTTG,0,2
T>A,TTTTT,0,0
T>C,AATAA,0,2
T>C,AATAC,1,3
T>C,AATAG,2,3
T>C,AATAT,1,1
T>C,AATCA,0,0
T>C,AATCC,0,0
T>C,AATCG,0,0
T>C,AATCT,1,3
T>C,AATGA,0,0
T>C,AATGC,1,2
T>C,AATGG,0,1
T>C,AATGT,0,0
T>C,AATTA,1,2
T>C,AATTC,1,1
T>C,AATTG,0,1
T>C,AATTT,0,0
T>C,ACTAA,0,1
T>C,ACTAC,1,2
T>C,ACTAG,0,0
T>C,ACTAT,0,0
T>C,ACTCA,0,0
T>C,ACTCC,0,0
T>C,ACTCG,0,0
T>C,ACTCT,0,0
T>C,ACTGA,1,1
T>C,ACTGC,2,2
T>C,ACTGG,0,1
T>C,ACTGT,2,3
T>C,ACTTA,3,5
T>C,ACTTC,1,1
T>C,ACTTG,2,6
T>C,ACTTT,0,0
T>C,AGTAA,0,1
T>C,AGTAC,0,0
T>C,AGTAG,0,1
T>C,AGTAT,1,1
T>C,AGTCA,1,3
T>C,AGTCC,0,0
T>C,AGTCG,0,0
T>C,AGTCT,1,2
T>C,AGTGA,0,0
T>C,AGTGC,0,0
T>C,AGTGG,0,0
T>C,AGTGT,0,1
T>C,AGTTA,0,0
T>C,AGTTC,0,0
T>C,AGTTG,1,1
T>C,AGTTT,1,1
T>C,ATTAA,0,1
T>C,ATTAC,0,1
T>C,ATTAG,0,0
T>C,ATTAT,1,1
T>C,ATTCA,0,0
T>C,ATTCC,0,0
T>C,ATTCG,0,0
T>C,ATTCT,0,0
T>C,ATTGA,0,0
T>C,ATTGC,0,0
T>C,ATTGG,0,0
T>C,ATTGT,0,0
T>C,ATTTA,0,0
T>C,ATTTC,0,1
T>C,ATTTG,0,0
T>C,ATTTT,0,0
T>C,CATAA,0,0
T>C,CATAC,0,0
T>C,CATAG,0,0
T>C,CATAT,1,2
T>C,CATCA,0,0
T>C,CATCC,0,0
T>C,CATCG,0,0
T>C,CATCT,2,3
T>C,CATGA,0,0
T>C,CATGC,0,0
T>C,CATGG,0,0
T>C,CATGT,1,1
T>C,CATTA,0,0
T>C,CATTC,0,1
T>C,CATTG,0,2
T>C,CATTT,1,2
T>C,CCTAA,1,2
T>C,CCTAC,0,0
T>C,CCTAG,0,0
T>C,CCTAT,0,0
T>C,CCTCA,1,2
T>C,CCTCC,0,1
T>C,CCTCG,0,0
T>C,CCTCT,0,0
T>C,CCTGA,1,2
T>C,CCTGC,0,1
T>C,CCTGG,1,1
T>C,CCTGT,2,3
T>C,CCTTA,1,1
T>C,CCTTC,0,0
T>C,CCTTG,1,1
T>C,CCTTT,1,1
T>C,CGTAA,0,0
T>C,CGTAC,0,0
T>C,CGTAG,0,0
T>C,CGTAT,0,0
T>C,CGTCA,1,1
T>C,CGTCC,0,0
T>C,CGTCG,0,0
T>C,CGTCT,0,0
T>C,CGTGA,0,0
T>C,CGTGC,0,0
T>C,CGTGG,0,0
T>C,CGTGT,0,0
T>C,CGTTA,0,0
T>C,CGTTC,0,0
T>C,CGTTG,0,0
T>C,CGTTT,0,0
T>C,CTTAA,0,0
T>C,CTTAC,0,0
T>C,CTTAG,1,2
T>C,CTTAT,0,1
T>C,CTTCA,0,1
T>C,CTTCC,0,0
T>C,CTTCG,0,0
T>C,CTTCT,1,1
T>C,CTTGA,0,0
T>C,CTTGC,0,0
T>C,CTTGG,0,0
T>C,CTTGT,0,0
T>C,CTTTA,0,0
T>C,CTTTC,0,1
T>C,CTTTG,1,1
T>C,CTTTT,0,0
T>C,GATAA,1,2
T>C,GATAC,0,0
T>C,GATAG,0,0
T>C,GATAT,0,1
T>C,GATCA,0,0
T>C,GATCC,0,1
T>C,GATCG,0,0
T>C,GATCT,1,2
T>C,GATGA,0,0
T>C,GATGC,0,0
T>C,GATGG,0,0
T>C,GATGT,0,0
T>C,GATTA,1,1
T>C,GATTC,1,1
T>C,GATTG,0,1
T>C,GATTT,0,0
T>C,GCTAA,0,0
T>C,GCTAC,0,0
T>C,GCTAG,0,0
T>C,GCTAT,0,0
T>C,GCTCA,1,1
T>C,GCTCC,0,0
T>C,GCTCG,0,0
T>C,GCTCT,0,0
T>C,GCTGA,0,0
T>C,GCTGC,0,0
T>C,GCTGG,0,0
T>C,GCTGT,1,1
T>C,GCTTA,2,2
T>C,GCTTC,0,0
T>C,GCTTG,2,3
T>C,GCTTT,2,2
T>C,GGTAA,0,0
T>C,GGTAC,0,0
T>C,GGTAG,0,0
T>C,GGTAT,0,0
T>C,GGTCA,3,6
T>C,GGTCC,0,0
T>C,GGTCG,0,1
T>C,GGTCT,1,1
T>C,GGTGA,0,1
T>C,GGTGC,1,1
T>C,GGTGG,1,1
T>C,GGTGT,0,0
T>C,GGTTA,0,0
T>C,GGTTC,1,1
T>C,GGTTG,0,2
T>C,GGTTT,0,1
T>C,GTTAA,0,0
T>C,GTTAC,0,0
T>C,GTTAG,0,0
T>C,GTTAT,0,0
T>C,GTTCA,1,1
T>C,GTTCC,0,0
T>C,GTTCG,0,0
T>C,GTTCT,1,1
T>C,GTTGA,0,1
T>C,GTTGC,0,0
T>C,GTTGG,0,0
T>C,GTTGT,0,0
T>C,GTTTA,0,0
T>C,GTTTC,0,0
T>C,GTTTG,0,0
T>C,GTTTT,0,0
T>C,TATAA,1,3
T>C,TATAC,0,1
T>C,TATAG,1,3
T>C,TATAT,1,4
T>C,TATCA,0,0
T>C,TATCC,0,0
T>C,TATCG,0,0
T>C,TATCT,0,0
T>C,TATGA,0,0
T>C,TATGC,0,1
T>C,TATGG,0,0
T>C,TATGT,1,1
T>C,TATTA,0,0
T>C,TATTC,0,0
T>C,TATTG,0,0
T>C,TATTT,0,1
T>C,TCTAA,1,2
T>C,TCTAC,0,0
T>C,TCTAG,0,1
T>C,TCTAT,0,2
T>C,TCTCA,2,2
T>C,TCTCC,2,3
T>C,TCTCG,0,0
T>C,TCTCT,1,2
T>C,TCTGA,0,1
T>C,TCTGC,2,3
T>C,TCTGG,0,3
T>C,TCTGT,0,2
T>C,TCTTA,1,3
T>C,TCTTC,1,1
T>C,TCTTG,1,3
T>C,TCTTT,1,4
T>C,TGTAA,1,1
T>C,TGTAC,1,1
T>C,TGTAG,0,1
T>C,TGTAT,1,1
T>C,TGTCA,1,5
T>C,TGTCC,0,0
T>C,TGTCG,2,3
T>C,TGTCT,1,2
T>C,TGTGA,1,1
T>C,TGTGC,0,0
T>C,TGTGG,0,0
T>C,TGTGT,0,1
T>C,TGTTA,2,2
T>C,TGTTC,0,0
T>C,TGTTG,0,1
T>C,TGTTT,1,1
T>C,TTTAA,1,1
T>C,TTTAC,0,1
T>C,TTTAG,0,1
T>C,TTTAT,2,5
T>C,TTTCA,0,1
T>C,TTTCC,1,1
T>C,TTTCG,0,0
T>C,TTTCT,1,1
T>C,TTTGA,0,0
T>C,TTTGC,0,0
T>C,TTTGG,0,0
T>C,TTTGT,0,0
T>C,TTTTA,1,2
T>C,TTTTC,0,0
T>C,TTTTG,0,0
T>C,TTTTT,0,0
T>G,AATAA,1,1
T>G,AATAC,0,1
T>G,AATAG,0,1
T>G,AATAT,1,1
T>G,AATCA,0,0
T>G,AATCC,0,0
T>G,AATCG,0,0
T>G,AATCT,0,0
T>G,AATGA,0,0
T>G,AATGC,0,1
T>G,AATGG,1,2
T>G,AATGT,0,0
T>G,AATTA,0,1
T>G,AATTC,0,0
T>G,AATTG,0,0
T>G,AATTT,0,0
T>G,ACTAA,0,0
T>G,ACTAC,0,0
T>G,ACTAG,0,0
T>G,ACTAT,0,2
T>G,ACTCA,0,0
T>G,ACTCC,0,0
T>G,ACTCG,0,0
T>G,ACTCT,0,1
T>G,ACTGA,0,2
T>G,ACTGC,0,0
T>G,ACTGG,1,1
T>G,ACTGT,2,2
T>G,ACTTA,0,0
T>G,ACTTC,0,0
T>G,ACTTG,1,1
T>G,ACTTT,2,3
T>G,AGTAA,0,0
T>G,AGTAC,0,0
T>G,AGTAG,0,0
T>G,AGTAT,0,0
T>G,AGTCA,0,1
T>G,AGTCC,0,0
T>G,AGTCG,0,0
T>G,AGTCT,2,6
T>G,AGTGA,0,1
T>G,AGTGC,0,0
T>G,AGTGG,0,0
T>G,AGTGT,1,1
T>G,AGTTA,0,0
T>G,AGTTC,0,2
T>G,AGTTG,0,2
T>G,AGTTT,0,1
T>G,ATTAA,0,0
T>G,ATTAC,0,0
T>G,ATTAG,0,0
T>G,ATTAT,1,1
T>G,ATTCA,0,2
T>G,ATTCC,0,0
T>G,ATTCG,0,0
T>G,ATTCT,1,1
T>G,ATTGA,0,1
T>G,ATTGC,0,0
T>G,ATTGG,0,0
T>G,ATTGT,0,0
T>G,ATTTA,1,3
T>G,ATTTC,1,2
T>G,ATTTG,0,2
T>G,ATTTT,0,0
T>G,CATAA,1,1
T>G,CATAC,0,1
T>G,CATAG,0,0
T>G,CATAT,0,0
T>G,CATCA,0,1
T>G,CATCC,0,0
T>G,CATCG,0,0
T>G,CATCT,0,0
T>G,CATGA,0,0
T>G,CATGC,1,1
T>G,CATGG,1,2
T>G,CATGT,0,0
T>G,CATTA,1,1
T>G,CATTC,1,1
T>G,CATTG,1,3
T>G,CATTT,0,0
T>G,CCTAA,1,1
T>G,CCTAC,0,0
T>G,CCTAG,0,0
T>G,CCTAT,0,0
T>G,CCTCA,0,0
T>G,CCTCC,0,0
T>G,CCTCG,0,0
T>G,CCTCT,0,0
T>G,CCTGA,0,0
T>G,CCTGC,0,0
T>G,CCTGG,0,1
T>G,CCTGT,0,0
T>G,CCTTA,0,0
T>G,CCTTC,1,1
T>G,CCTTG,0,0
T>G,CCTTT,1,2
T>G,CGTAA,0,0
T>G,CGTAC,0,0
T>G,CGTAG,0,1
T>G,CGTAT,0,0
T>G,CGTCA,0,0
T>G,CGTCC,0,0
T>G,CGTCG,0,0
T>G,CGTCT,0,0
T>G,CGTGA,0,0
T>G,CGTGC,0,0
T>G,CGTGG,0,0
T>G,CGTGT,0,0
T>G,CGTTA,0,0
T>G,CGTTC,0,0
T>G,CGTTG,0,0
T>G,CGTTT,0,0
T>G,CTTAA,0,1
T>G,CTTAC,0,0
T>G,CTTAG,0,0
T>G,CTTAT,0,0
T>G,CTTCA,0,0
T>G,CTTCC,0,0
T>G,CTTCG,0,0
T>G,CTTCT,0,0
T>G,CTTGA,0,2
T>G,CTTGC,1,1
T>G,CTTGG,0,0
T>G,CTTGT,0,1
T>G,CTTTA,0,1
T>G,CTTTC,0,0
T>G,CTTTG,0,1
T>G,CTTTT,0,0
T>G,GATAA,0,1
T>G,GATAC,0,0
T>G,GATAG,0,0
T>G,GATAT,0,0
T>G,GATCA,0,0
T>G,GATCC,0,0
T>G,GATCG,0,0
T>G,GATCT,0,0
T>G,GATGA,0,0
T>G,GATGC,1,1
T>G,GATGG,0,0
T>G,GATGT,0,0
T>G,GATTA,0,0
T>G,GATTC,0,0
T>G,GATTG,0,0
T>G,GATTT,0,0
T>G,GCTAA,0,0
T>G,GCTAC,0,0
T>G,GCTAG,0,0
T>G,GCTAT,1,1
T>G,GCTCA,0,0
T>G,GCTCC,0,0
T>G,GCTCG,0,0
T>G,GCTCT,0,0
T>G,GCTGA,0,0
T>G,GCTGC,0,1
T>G,GCTGG,0,0
T>G,GCTGT,0,0
T>G,GCTTA,0,0
T>G,GCTTC,0,0
T>G,GCTTG,0,0
T>G,GCTTT,0,0
T>G,GGTAA,0,0
T>G,GGTAC,0,0
T>G,GGTAG,0,0
T>G,GGTAT,0,0
T>G,GGTCA,0,2
T>G,GGTCC,0,0
T>G,GGTCG,0,0
T>G,GGTCT,0,0
T>G,GGTGA,0,0
T>G,GGTGC,0,0
T>G,GGTGG,0,0
T>G,GGTGT,0,1
T>G,GGTTA,0,0
T>G,GGTTC,0,1
T>G,GGTTG,0,0
T>G,GGTTT,0,0
T>G,GTTAA,0,0
T>G,GTTAC,0,0
T>G,GTTAG,0,0
T>G,GTTAT,0,0
T>G,GTTCA,0,0
T>G,GTTCC,0,0
T>G,GTTCG,0,0
T>G,GTTCT,0,1
T>G,GTTGA,0,2
T>G,GTTGC,0,0
T>G,GTTGG,0,0
T>G,GTTGT,0,0
T>G,GTTTA,0,0
T>G,GTTTC,0,0
T>G,GTTTG,1,1
T>G,GTTTT,0,0
T>G,TATAA,0,2
T>G,TATAC,0,0
T>G,TATAG,0,0
T>G,TATAT,1,2
T>G,TATCA,0,0
T>G,TATCC,0,0
T>G,TATCG,0,0
T>G,TATCT,0,0
T>G,TATGA,0,0
T>G,TATGC,0,0
T>G,TATGG,0,0
T>G,TATGT,0,1
T>G,TATTA,0,0
T>G,TATTC,0,0
T>G,TATTG,0,0
T>G,TATTT,0,0
T>G,TCTAA,0,0
T>G,TCTAC,0,0
T>G,TCTAG,0,0
T>G,TCTAT,1,1
T>G,TCTCA,1,2
T>G,TCTCC,0,0
T>G,TCTCG,0,0
T>G,TCTCT,0,0
T>G,TCTGA,0,1
T>G,TCTGC,1,1
T>G,TCTGG,0,0
T>G,TCTGT,0,0
T>G,TCTTA,1,1
T>G,TCTTC,0,0
T>G,TCTTG,0,0
T>G,TCTTT,0,1
T>G,TGTAA,0,1
T>G,TGTAC,0,0
T>G,TGTAG,0,0
T>G,TGTAT,0,0
T>G,TGTCA,0,0
T>G,TGTCC,0,0
T>G,TGTCG,1,1
T>G,TGTCT,0,1
T>G,TGTGA,0,0
T>G,TGTGC,0,0
T>G,TGTGG,0,0
T>G,TGTGT,2,2
T>G,TGTTA,0,0
T>G,TGTTC,0,0
T>G,TGTTG,0,0
T>G,TGTTT,0,0
T>G,TTTAA,0,4
T>G,TTTAC,0,0
T>G,TTTAG,1,2
T>G,TTTAT,1,2
T>G,TTTCA,1,1
T>G,TTTCC,0,0
T>G,TTTCG,0,0
T>G,TTTCT,0,0
T>G,TTTGA,0,1
T>G,TTTGC,0,0
T>G,TTTGG,0,0
T>G,TTTGT,0,0
T>G,TTTTA,0,1
T>G,TTTTC,0,0
T>G,TTTTG,0,0
T>G,TTTTT,0,0
