Mutation type,Trinucleotide,Mutect.GRCh37.s2,Mutect.GRCh37
C>A,ACA,9,19
C>A,ACC,24,53
C>A,ACG,0,1
C>A,ACT,10,17
C>A,CCA,15,28
C>A,CCC,6,12
C>A,CCG,1,2
C>A,CCT,18,46
C>A,GCA,28,57
C>A,GCC,54,112
C>A,GCG,0,0
C>A,GCT,8,21
C>A,TCA,10,17
C>A,TCC,8,16
C>A,TCG,2,2
C>A,TCT,17,33
C>G,ACA,5,8
C>G,ACC,1,8
C>G,ACG,0,0
C>G,ACT,4,11
C>G,CCA,4,5
C>G,CCC,2,8
C>G,CCG,2,2
C>G,CCT,2,8
C>G,GCA,2,5
C>G,GCC,29,56
C>G,GCG,1,1
C>G,GCT,9,21
C>G,TCA,8,16
C>G,TCC,1,4
C>G,TCG,2,2
C>G,TCT,16,32
C>T,ACA,4,9
C>T,ACC,2,3
C>T,ACG,1,5
C>T,ACT,4,10
C>T,CCA,20,39
C>T,CCC,56,109
C>T,CCG,8,13
C>T,CCT,54,113
C>T,GCA,16,33
C>T,GCC,19,36
C>T,GCG,1,4
C>T,GCT,14,23
C>T,TCA,11,21
C>T,TCC,11,32
C>T,TCG,0,3
C>T,TCT,12,32
T>A,ATA,3,9
T>A,ATC,4,13
T>A,ATG,4,8
T>A,ATT,8,14
T>A,CTA,27,59
T>A,CTC,17,52
T>A,CTG,25,63
T>A,CTT,26,49
T>A,GTA,2,4
T>A,GTC,3,6
T>A,GTG,2,3
T>A,GTT,2,6
T>A,TTA,7,10
T>A,TTC,0,2
T>A,TTG,3,8
T>A,TTT,1,9
T>C,ATA,9,25
T>C,ATC,4,9
T>C,ATG,3,6
T>C,ATT,5,13
T>C,CTA,3,10
T>C,CTC,7,11
T>C,CTG,12,24
T>C,CTT,19,33
T>C,GTA,4,7
T>C,GTC,11,24
T>C,GTG,3,6
T>C,GTT,6,10
T>C,TTA,5,14
T>C,TTC,5,7
T>C,TTG,0,1
T>C,TTT,2,5
T>G,ATA,4,11
T>G,ATC,0,1
T>G,ATG,4,8
T>G,ATT,3,6
T>G,CTA,3,5
T>G,CTC,1,3
T>G,CTG,4,9
T>G,CTT,6,9
T>G,GTA,0,2
T>G,GTC,3,11
T>G,GTG,3,5
T>G,GTT,0,6
T>G,TTA,3,10
T>G,TTC,2,5
T>G,TTG,1,8
T>G,TTT,3,11
